Workbook

Sheet How to read
A1: Patterns / Backtest by tenor / Backtest by period = output_comparison.xlsx (same layout), all numbers are formulas. Valuation 2023 rows first, then 2024.
A2: check = formula sheets minus Python output ('python ...' sheets, pasted from the two Python runs), cell by cell. All zeros = identical.
A4: Detail = one row per method x valuation x accident year x year after valuation (flat table 'Detail', ready for a pivot table).
A5: pattern at valuation tenor / pattern at tenor in year = assumed pattern (from 'pattern input' = Python method output).
A6: expected paid in year = BE at valuation x (pattern(s) - pattern(s-1)) / (1 - pattern(t)); actual paid in year = cum. paid(year) - cum. paid(year-1).
A7: expected cum. paid = paid at valuation + BE x (pattern(s) - pattern(t)) / (1 - pattern(t)); actual cum. paid = cumulative paid in that year.
A8: expected / actual cum. % of U = the same divided by U at valuation (paid + BE at valuation) = the implied actual pattern on the same basis.
A9: Note: expected cum. % of U equals the assumed pattern only if the accident year was exactly on the pattern at valuation (paid / U = pattern(t)).
A11: Backtest by period = SUMIFS over Detail by method, valuation and year (columns 'expected paid in year', 'actual paid in year').
A12: Backtest by tenor = SUMIFS over Detail by method, valuation and tenor in year: sum(cum. paid) / sum(U at valuation), only rows with U > 0.
A13: Pivot example: rows = valuation, AY; columns = year; values = sum of expected paid in year and actual paid in year (filter method).
A15: Metrics = one row per aggregate x method x valuation ('all' pools both valuations), all SUMIFS over Detail. Lower is better.
... A20: rank columns: 1 = best method within the same aggregate and valuation; 'best method' table picks rank 1 per metric.

Sheet Patterns
A1: aggregate | B1: valuation | C1: method | D1: 1 | E1: 2 | F1: 3 | G1: 4 | H1: 5 | I1: 6 | J1: 7 | K1: 8 | L1: 9 | M1: 10 | N1: 11 | O1: 12 | P1: 13 | Q1: 14 | R1: 15 | S1: 16 | T1: 17 | U1: 18 | V1: 19
A2: Example A - method 1 data | B2: 2023 | C2: Method 1 - paid to ultimate | D2: ='pattern input'!B2 -> 0.081890616 | E2: ='pattern input'!C2 -> 0.42095673 | F2: ='pattern input'!D2 -> 0.61058249 | G2: ='pattern input'!E2 -> 0.70360003 | H2: ='pattern input'!F2 -> 0.86468272 | I2: ='pattern input'!G2 -> 0.88394309 | J2: ='pattern input'!H2 -> 0.9002275 | K2: ='pattern input'!I2 -> 0.91433369 | ... U2: ='pattern input'!S2 -> 1
A3: Example A - method 1 data | B3: 2023 | C3: Method 2 - paid to best estimate | D3: ='pattern input'!B4 -> 0.1 | E3: ='pattern input'!C4 -> 0.3688464 | F3: ='pattern input'!D4 -> 0.55622004 | G3: ='pattern input'!E4 -> 0.66306155 | H3: ='pattern input'!F4 -> 0.77507109 | I3: ='pattern input'!G4 -> 0.77507109 | J3: ='pattern input'!H4 -> 0.80663176 | K3: ='pattern input'!I4 -> 0.83397086 | ... U3: ='pattern input'!S4 -> 1
A4: Example A - method 1 data | B4: 2024 | C4: Method 1 - paid to ultimate | D4: ='pattern input'!B3 -> 0.093803567 | E4: ='pattern input'!C3 -> 0.36900849 | F4: ='pattern input'!D3 -> 0.48512488 | G4: ='pattern input'!E3 -> 0.6362617 | H4: ='pattern input'!F3 -> 0.71385313 | I4: ='pattern input'!G3 -> 0.85349634 | J4: ='pattern input'!H3 -> 0.87308863 | K4: ='pattern input'!I3 -> 0.89006025 | ... V4: ='pattern input'!T3 -> 1
A5: Example A - method 1 data | B5: 2024 | C5: Method 2 - paid to best estimate | D5: ='pattern input'!B5 -> 0.1 | E5: ='pattern input'!C5 -> 0.38497852 | F5: ='pattern input'!D5 -> 0.50051044 | G5: ='pattern input'!E5 -> 0.59671347 | H5: ='pattern input'!F5 -> 0.69726286 | I5: ='pattern input'!G5 -> 0.69726286 | J5: ='pattern input'!H5 -> 0.69726286 | K5: ='pattern input'!I5 -> 0.73774733 | ... V5: ='pattern input'!T5 -> 1

Sheet Backtest by tenor
A1: aggregate | B1: valuation | C1: row | D1: 1 | E1: 2 | F1: 3 | G1: 4 | H1: 5 | I1: 6 | J1: 7 | K1: 8 | L1: 9 | M1: 10 | N1: 11 | O1: 12 | P1: 13 | Q1: 14 | R1: 15 | S1: 16 | T1: 17 | U1: 18 | V1: 19
A2: Example A - method 1 data | B2: 2023 | C2: actual | D2: =IF(D3="","",SUMIFS(Detail!$Q$2:$Q$105,Detail!$A$2:$A$105,"M1",Detail!$B$2:$B$105,$B2,Detail!$G$2:$G$105,D$1,Detail!$J$2:$J$105,">0")/SUMIFS(Detail!$J$2:$J$105,Detail!$A$2:$A$105,"M1",Detail!$B$2:$B$105,$B2,Detail!$G$2:$G$105,D$1,Detail!$J$2:$J$105,">0")) | E2: =IF(E3="","",SUMIFS(Detail!$Q$2:$Q$105,Detail!$A$2:$A$105,"M1",Detail!$B$2:$B$105,$B2,Detail!$G$2:$G$105,E$1,Detail!$J$2:$J$105,">0")/SUMIFS(Detail!$J$2:$J$105,Detail!$A$2:$A$105,"M1",Detail!$B$2:$B$105,$B2,Detail!$G$2:$G$105,E$1,Detail!$J$2:$J$105,">0")) -> 0.25676451 | F2: =IF(F3="","",SUMIFS(Detail!$Q$2:$Q$105,Detail!$A$2:$A$105,"M1",Detail!$B$2:$B$105,$B2,Detail!$G$2:$G$105,F$1,Detail!$J$2:$J$105,">0")/SUMIFS(Detail!$J$2:$J$105,Detail!$A$2:$A$105,"M1",Detail!$B$2:$B$105,$B2,Detail!$G$2:$G$105,F$1,Detail!$J$2:$J$105,">0")) -> 0.21095107 | G2: =IF(G3="","",SUMIFS(Detail!$Q$2:$Q$105,Detail!$A$2:$A$105,"M1",Detail!$B$2:$B$105,$B2,Detail!$G$2:$G$105,G$1,Detail!$J$2:$J$105,">0")/SUMIFS(Detail!$J$2:$J$105,Detail!$A$2:$A$105,"M1",Detail!$B$2:$B$105,$B2,Detail!$G$2:$G$105,G$1,Detail!$J$2:$J$105,">0")) -> 0.43624068 | H2: =IF(H3="","",SUMIFS(Detail!$Q$2:$Q$105,Detail!$A$2:$A$105,"M1",Detail!$B$2:$B$105,$B2,Detail!$G$2:$G$105,H$1,Detail!$J$2:$J$105,">0")/SUMIFS(Detail!$J$2:$J$105,Detail!$A$2:$A$105,"M1",Detail!$B$2:$B$105,$B2,Detail!$G$2:$G$105,H$1,Detail!$J$2:$J$105,">0")) -> 0.61851556 | I2: =IF(I3="","",SUMIFS(Detail!$Q$2:$Q$105,Detail!$A$2:$A$105,"M1",Detail!$B$2:$B$105,$B2,Detail!$G$2:$G$105,I$1,Detail!$J$2:$J$105,">0")/SUMIFS(Detail!$J$2:$J$105,Detail!$A$2:$A$105,"M1",Detail!$B$2:$B$105,$B2,Detail!$G$2:$G$105,I$1,Detail!$J$2:$J$105,">0")) -> 0.73858203 | J2: =IF(J3="","",SUMIFS(Detail!$Q$2:$Q$105,Detail!$A$2:$A$105,"M1",Detail!$B$2:$B$105,$B2,Detail!$G$2:$G$105,J$1,Detail!$J$2:$J$105,">0")/SUMIFS(Detail!$J$2:$J$105,Detail!$A$2:$A$105,"M1",Detail!$B$2:$B$105,$B2,Detail!$G$2:$G$105,J$1,Detail!$J$2:$J$105,">0")) -> 0.92597426 | K2: =IF(K3="","",SUMIFS(Detail!$Q$2:$Q$105,Detail!$A$2:$A$105,"M1",Detail!$B$2:$B$105,$B2,Detail!$G$2:$G$105,K$1,Detail!$J$2:$J$105,">0")/SUMIFS(Detail!$J$2:$J$105,Detail!$A$2:$A$105,"M1",Detail!$B$2:$B$105,$B2,Detail!$G$2:$G$105,K$1,Detail!$J$2:$J$105,">0")) -> 0.91482326 | ... V2: =IF(V3="","",SUMIFS(Detail!$Q$2:$Q$105,Detail!$A$2:$A$105,"M1",Detail!$B$2:$B$105,$B2,Detail!$G$2:$G$105,V$1,Detail!$J$2:$J$105,">0")/SUMIFS(Detail!$J$2:$J$105,Detail!$A$2:$A$105,"M1",Detail!$B$2:$B$105,$B2,Detail!$G$2:$G$105,V$1,Detail!$J$2:$J$105,">0")) -> 1
A3: Example A - method 1 data | B3: 2023 | C3: accident periods | D3: =IF(COUNTIFS(Detail!$A$2:$A$105,"M1",Detail!$B$2:$B$105,$B2,Detail!$G$2:$G$105,D$1,Detail!$J$2:$J$105,">0")=0,"",COUNTIFS(Detail!$A$2:$A$105,"M1",Detail!$B$2:$B$105,$B2,Detail!$G$2:$G$105,D$1,Detail!$J$2:$J$105,">0")) | E3: =IF(COUNTIFS(Detail!$A$2:$A$105,"M1",Detail!$B$2:$B$105,$B2,Detail!$G$2:$G$105,E$1,Detail!$J$2:$J$105,">0")=0,"",COUNTIFS(Detail!$A$2:$A$105,"M1",Detail!$B$2:$B$105,$B2,Detail!$G$2:$G$105,E$1,Detail!$J$2:$J$105,">0")) -> 1 | F3: =IF(COUNTIFS(Detail!$A$2:$A$105,"M1",Detail!$B$2:$B$105,$B2,Detail!$G$2:$G$105,F$1,Detail!$J$2:$J$105,">0")=0,"",COUNTIFS(Detail!$A$2:$A$105,"M1",Detail!$B$2:$B$105,$B2,Detail!$G$2:$G$105,F$1,Detail!$J$2:$J$105,">0")) -> 2 | G3: =IF(COUNTIFS(Detail!$A$2:$A$105,"M1",Detail!$B$2:$B$105,$B2,Detail!$G$2:$G$105,G$1,Detail!$J$2:$J$105,">0")=0,"",COUNTIFS(Detail!$A$2:$A$105,"M1",Detail!$B$2:$B$105,$B2,Detail!$G$2:$G$105,G$1,Detail!$J$2:$J$105,">0")) -> 2 | H3: =IF(COUNTIFS(Detail!$A$2:$A$105,"M1",Detail!$B$2:$B$105,$B2,Detail!$G$2:$G$105,H$1,Detail!$J$2:$J$105,">0")=0,"",COUNTIFS(Detail!$A$2:$A$105,"M1",Detail!$B$2:$B$105,$B2,Detail!$G$2:$G$105,H$1,Detail!$J$2:$J$105,">0")) -> 2 | I3: =IF(COUNTIFS(Detail!$A$2:$A$105,"M1",Detail!$B$2:$B$105,$B2,Detail!$G$2:$G$105,I$1,Detail!$J$2:$J$105,">0")=0,"",COUNTIFS(Detail!$A$2:$A$105,"M1",Detail!$B$2:$B$105,$B2,Detail!$G$2:$G$105,I$1,Detail!$J$2:$J$105,">0")) -> 2 | J3: =IF(COUNTIFS(Detail!$A$2:$A$105,"M1",Detail!$B$2:$B$105,$B2,Detail!$G$2:$G$105,J$1,Detail!$J$2:$J$105,">0")=0,"",COUNTIFS(Detail!$A$2:$A$105,"M1",Detail!$B$2:$B$105,$B2,Detail!$G$2:$G$105,J$1,Detail!$J$2:$J$105,">0")) -> 2 | K3: =IF(COUNTIFS(Detail!$A$2:$A$105,"M1",Detail!$B$2:$B$105,$B2,Detail!$G$2:$G$105,K$1,Detail!$J$2:$J$105,">0")=0,"",COUNTIFS(Detail!$A$2:$A$105,"M1",Detail!$B$2:$B$105,$B2,Detail!$G$2:$G$105,K$1,Detail!$J$2:$J$105,">0")) -> 2 | ... V3: =IF(COUNTIFS(Detail!$A$2:$A$105,"M1",Detail!$B$2:$B$105,$B2,Detail!$G$2:$G$105,V$1,Detail!$J$2:$J$105,">0")=0,"",COUNTIFS(Detail!$A$2:$A$105,"M1",Detail!$B$2:$B$105,$B2,Detail!$G$2:$G$105,V$1,Detail!$J$2:$J$105,">0")) -> 1
A4: Example A - method 1 data | B4: 2023 | C4: expected M1 | D4: =IF(D3="","",SUMIFS(Detail!$P$2:$P$105,Detail!$A$2:$A$105,"M1",Detail!$B$2:$B$105,$B2,Detail!$G$2:$G$105,D$1,Detail!$J$2:$J$105,">0")/SUMIFS(Detail!$J$2:$J$105,Detail!$A$2:$A$105,"M1",Detail!$B$2:$B$105,$B2,Detail!$G$2:$G$105,D$1,Detail!$J$2:$J$105,">0")) | E4: =IF(E3="","",SUMIFS(Detail!$P$2:$P$105,Detail!$A$2:$A$105,"M1",Detail!$B$2:$B$105,$B2,Detail!$G$2:$G$105,E$1,Detail!$J$2:$J$105,">0")/SUMIFS(Detail!$J$2:$J$105,Detail!$A$2:$A$105,"M1",Detail!$B$2:$B$105,$B2,Detail!$G$2:$G$105,E$1,Detail!$J$2:$J$105,">0")) -> 0.37080488 | F4: =IF(F3="","",SUMIFS(Detail!$P$2:$P$105,Detail!$A$2:$A$105,"M1",Detail!$B$2:$B$105,$B2,Detail!$G$2:$G$105,F$1,Detail!$J$2:$J$105,">0")/SUMIFS(Detail!$J$2:$J$105,Detail!$A$2:$A$105,"M1",Detail!$B$2:$B$105,$B2,Detail!$G$2:$G$105,F$1,Detail!$J$2:$J$105,">0")) -> 0.5122228 | G4: =IF(G3="","",SUMIFS(Detail!$P$2:$P$105,Detail!$A$2:$A$105,"M1",Detail!$B$2:$B$105,$B2,Detail!$G$2:$G$105,G$1,Detail!$J$2:$J$105,">0")/SUMIFS(Detail!$J$2:$J$105,Detail!$A$2:$A$105,"M1",Detail!$B$2:$B$105,$B2,Detail!$G$2:$G$105,G$1,Detail!$J$2:$J$105,">0")) -> 0.63029661 | H4: =IF(H3="","",SUMIFS(Detail!$P$2:$P$105,Detail!$A$2:$A$105,"M1",Detail!$B$2:$B$105,$B2,Detail!$G$2:$G$105,H$1,Detail!$J$2:$J$105,">0")/SUMIFS(Detail!$J$2:$J$105,Detail!$A$2:$A$105,"M1",Detail!$B$2:$B$105,$B2,Detail!$G$2:$G$105,H$1,Detail!$J$2:$J$105,">0")) -> 0.85367748 | I4: =IF(I3="","",SUMIFS(Detail!$P$2:$P$105,Detail!$A$2:$A$105,"M1",Detail!$B$2:$B$105,$B2,Detail!$G$2:$G$105,I$1,Detail!$J$2:$J$105,">0")/SUMIFS(Detail!$J$2:$J$105,Detail!$A$2:$A$105,"M1",Detail!$B$2:$B$105,$B2,Detail!$G$2:$G$105,I$1,Detail!$J$2:$J$105,">0")) -> 0.89310858 | J4: =IF(J3="","",SUMIFS(Detail!$P$2:$P$105,Detail!$A$2:$A$105,"M1",Detail!$B$2:$B$105,$B2,Detail!$G$2:$G$105,J$1,Detail!$J$2:$J$105,">0")/SUMIFS(Detail!$J$2:$J$105,Detail!$A$2:$A$105,"M1",Detail!$B$2:$B$105,$B2,Detail!$G$2:$G$105,J$1,Detail!$J$2:$J$105,">0")) -> 0.94264491 | K4: =IF(K3="","",SUMIFS(Detail!$P$2:$P$105,Detail!$A$2:$A$105,"M1",Detail!$B$2:$B$105,$B2,Detail!$G$2:$G$105,K$1,Detail!$J$2:$J$105,">0")/SUMIFS(Detail!$J$2:$J$105,Detail!$A$2:$A$105,"M1",Detail!$B$2:$B$105,$B2,Detail!$G$2:$G$105,K$1,Detail!$J$2:$J$105,">0")) -> 0.9371276 | ... V4: =IF(V3="","",SUMIFS(Detail!$P$2:$P$105,Detail!$A$2:$A$105,"M1",Detail!$B$2:$B$105,$B2,Detail!$G$2:$G$105,V$1,Detail!$J$2:$J$105,">0")/SUMIFS(Detail!$J$2:$J$105,Detail!$A$2:$A$105,"M1",Detail!$B$2:$B$105,$B2,Detail!$G$2:$G$105,V$1,Detail!$J$2:$J$105,">0")) -> 1
A5: Example A - method 1 data | B5: 2023 | C5: difference M1 | D5: =IF(D3="","",D4-D2) | E5: =IF(E3="","",E4-E2) -> 0.11404037 | F5: =IF(F3="","",F4-F2) -> 0.30127174 | G5: =IF(G3="","",G4-G2) -> 0.19405593 | H5: =IF(H3="","",H4-H2) -> 0.23516192 | I5: =IF(I3="","",I4-I2) -> 0.15452654 | J5: =IF(J3="","",J4-J2) -> 0.016670649 | K5: =IF(K3="","",K4-K2) -> 0.022304339 | ... V5: =IF(V3="","",V4-V2) -> 0
A6: Example A - method 1 data | B6: 2023 | C6: expected M2 | D6: =IF(D3="","",SUMIFS(Detail!$P$2:$P$105,Detail!$A$2:$A$105,"M2",Detail!$B$2:$B$105,$B2,Detail!$G$2:$G$105,D$1,Detail!$J$2:$J$105,">0")/SUMIFS(Detail!$J$2:$J$105,Detail!$A$2:$A$105,"M2",Detail!$B$2:$B$105,$B2,Detail!$G$2:$G$105,D$1,Detail!$J$2:$J$105,">0")) | E6: =IF(E3="","",SUMIFS(Detail!$P$2:$P$105,Detail!$A$2:$A$105,"M2",Detail!$B$2:$B$105,$B2,Detail!$G$2:$G$105,E$1,Detail!$J$2:$J$105,">0")/SUMIFS(Detail!$J$2:$J$105,Detail!$A$2:$A$105,"M2",Detail!$B$2:$B$105,$B2,Detail!$G$2:$G$105,E$1,Detail!$J$2:$J$105,">0")) -> 0.30038147 | F6: =IF(F3="","",SUMIFS(Detail!$P$2:$P$105,Detail!$A$2:$A$105,"M2",Detail!$B$2:$B$105,$B2,Detail!$G$2:$G$105,F$1,Detail!$J$2:$J$105,">0")/SUMIFS(Detail!$J$2:$J$105,Detail!$A$2:$A$105,"M2",Detail!$B$2:$B$105,$B2,Detail!$G$2:$G$105,F$1,Detail!$J$2:$J$105,">0")) -> 0.45783176 | G6: =IF(G3="","",SUMIFS(Detail!$P$2:$P$105,Detail!$A$2:$A$105,"M2",Detail!$B$2:$B$105,$B2,Detail!$G$2:$G$105,G$1,Detail!$J$2:$J$105,">0")/SUMIFS(Detail!$J$2:$J$105,Detail!$A$2:$A$105,"M2",Detail!$B$2:$B$105,$B2,Detail!$G$2:$G$105,G$1,Detail!$J$2:$J$105,">0")) -> 0.62505988 | H6: =IF(H3="","",SUMIFS(Detail!$P$2:$P$105,Detail!$A$2:$A$105,"M2",Detail!$B$2:$B$105,$B2,Detail!$G$2:$G$105,H$1,Detail!$J$2:$J$105,">0")/SUMIFS(Detail!$J$2:$J$105,Detail!$A$2:$A$105,"M2",Detail!$B$2:$B$105,$B2,Detail!$G$2:$G$105,H$1,Detail!$J$2:$J$105,">0")) -> 0.786363 | I6: =IF(I3="","",SUMIFS(Detail!$P$2:$P$105,Detail!$A$2:$A$105,"M2",Detail!$B$2:$B$105,$B2,Detail!$G$2:$G$105,I$1,Detail!$J$2:$J$105,">0")/SUMIFS(Detail!$J$2:$J$105,Detail!$A$2:$A$105,"M2",Detail!$B$2:$B$105,$B2,Detail!$G$2:$G$105,I$1,Detail!$J$2:$J$105,">0")) -> 0.82225388 | J6: =IF(J3="","",SUMIFS(Detail!$P$2:$P$105,Detail!$A$2:$A$105,"M2",Detail!$B$2:$B$105,$B2,Detail!$G$2:$G$105,J$1,Detail!$J$2:$J$105,">0")/SUMIFS(Detail!$J$2:$J$105,Detail!$A$2:$A$105,"M2",Detail!$B$2:$B$105,$B2,Detail!$G$2:$G$105,J$1,Detail!$J$2:$J$105,">0")) -> 0.93636111 | K6: =IF(K3="","",SUMIFS(Detail!$P$2:$P$105,Detail!$A$2:$A$105,"M2",Detail!$B$2:$B$105,$B2,Detail!$G$2:$G$105,K$1,Detail!$J$2:$J$105,">0")/SUMIFS(Detail!$J$2:$J$105,Detail!$A$2:$A$105,"M2",Detail!$B$2:$B$105,$B2,Detail!$G$2:$G$105,K$1,Detail!$J$2:$J$105,">0")) -> 0.9371276 | ... V6: =IF(V3="","",SUMIFS(Detail!$P$2:$P$105,Detail!$A$2:$A$105,"M2",Detail!$B$2:$B$105,$B2,Detail!$G$2:$G$105,V$1,Detail!$J$2:$J$105,">0")/SUMIFS(Detail!$J$2:$J$105,Detail!$A$2:$A$105,"M2",Detail!$B$2:$B$105,$B2,Detail!$G$2:$G$105,V$1,Detail!$J$2:$J$105,">0")) -> 1
A7: Example A - method 1 data | B7: 2023 | C7: difference M2 | D7: =IF(D3="","",D6-D2) | E7: =IF(E3="","",E6-E2) -> 0.04361696 | F7: =IF(F3="","",F6-F2) -> 0.24688069 | G7: =IF(G3="","",G6-G2) -> 0.1888192 | H7: =IF(H3="","",H6-H2) -> 0.16784744 | I7: =IF(I3="","",I6-I2) -> 0.083671841 | J7: =IF(J3="","",J6-J2) -> 0.010386847 | K7: =IF(K3="","",K6-K2) -> 0.022304339 | ... V7: =IF(V3="","",V6-V2) -> 0
A10: Example A - method 1 data | B10: 2024 | C10: actual | D10: =IF(D11="","",SUMIFS(Detail!$Q$2:$Q$105,Detail!$A$2:$A$105,"M1",Detail!$B$2:$B$105,$B10,Detail!$G$2:$G$105,D$1,Detail!$J$2:$J$105,">0")/SUMIFS(Detail!$J$2:$J$105,Detail!$A$2:$A$105,"M1",Detail!$B$2:$B$105,$B10,Detail!$G$2:$G$105,D$1,Detail!$J$2:$J$105,">0")) | E10: =IF(E11="","",SUMIFS(Detail!$Q$2:$Q$105,Detail!$A$2:$A$105,"M1",Detail!$B$2:$B$105,$B10,Detail!$G$2:$G$105,E$1,Detail!$J$2:$J$105,">0")/SUMIFS(Detail!$J$2:$J$105,Detail!$A$2:$A$105,"M1",Detail!$B$2:$B$105,$B10,Detail!$G$2:$G$105,E$1,Detail!$J$2:$J$105,">0")) -> 0.76791054 | F10: =IF(F11="","",SUMIFS(Detail!$Q$2:$Q$105,Detail!$A$2:$A$105,"M1",Detail!$B$2:$B$105,$B10,Detail!$G$2:$G$105,F$1,Detail!$J$2:$J$105,">0")/SUMIFS(Detail!$J$2:$J$105,Detail!$A$2:$A$105,"M1",Detail!$B$2:$B$105,$B10,Detail!$G$2:$G$105,F$1,Detail!$J$2:$J$105,">0")) -> 0.23335979 | G10: =IF(G11="","",SUMIFS(Detail!$Q$2:$Q$105,Detail!$A$2:$A$105,"M1",Detail!$B$2:$B$105,$B10,Detail!$G$2:$G$105,G$1,Detail!$J$2:$J$105,">0")/SUMIFS(Detail!$J$2:$J$105,Detail!$A$2:$A$105,"M1",Detail!$B$2:$B$105,$B10,Detail!$G$2:$G$105,G$1,Detail!$J$2:$J$105,">0")) -> 0.15934462 | H10: =IF(H11="","",SUMIFS(Detail!$Q$2:$Q$105,Detail!$A$2:$A$105,"M1",Detail!$B$2:$B$105,$B10,Detail!$G$2:$G$105,H$1,Detail!$J$2:$J$105,">0")/SUMIFS(Detail!$J$2:$J$105,Detail!$A$2:$A$105,"M1",Detail!$B$2:$B$105,$B10,Detail!$G$2:$G$105,H$1,Detail!$J$2:$J$105,">0")) -> 0.59330775 | I10: =IF(I11="","",SUMIFS(Detail!$Q$2:$Q$105,Detail!$A$2:$A$105,"M1",Detail!$B$2:$B$105,$B10,Detail!$G$2:$G$105,I$1,Detail!$J$2:$J$105,">0")/SUMIFS(Detail!$J$2:$J$105,Detail!$A$2:$A$105,"M1",Detail!$B$2:$B$105,$B10,Detail!$G$2:$G$105,I$1,Detail!$J$2:$J$105,">0")) -> 0.70633565 | J10: =IF(J11="","",SUMIFS(Detail!$Q$2:$Q$105,Detail!$A$2:$A$105,"M1",Detail!$B$2:$B$105,$B10,Detail!$G$2:$G$105,J$1,Detail!$J$2:$J$105,">0")/SUMIFS(Detail!$J$2:$J$105,Detail!$A$2:$A$105,"M1",Detail!$B$2:$B$105,$B10,Detail!$G$2:$G$105,J$1,Detail!$J$2:$J$105,">0")) -> 0.95243746 | K10: =IF(K11="","",SUMIFS(Detail!$Q$2:$Q$105,Detail!$A$2:$A$105,"M1",Detail!$B$2:$B$105,$B10,Detail!$G$2:$G$105,K$1,Detail!$J$2:$J$105,">0")/SUMIFS(Detail!$J$2:$J$105,Detail!$A$2:$A$105,"M1",Detail!$B$2:$B$105,$B10,Detail!$G$2:$G$105,K$1,Detail!$J$2:$J$105,">0")) -> 0.67208333 | ... V10: =IF(V11="","",SUMIFS(Detail!$Q$2:$Q$105,Detail!$A$2:$A$105,"M1",Detail!$B$2:$B$105,$B10,Detail!$G$2:$G$105,V$1,Detail!$J$2:$J$105,">0")/SUMIFS(Detail!$J$2:$J$105,Detail!$A$2:$A$105,"M1",Detail!$B$2:$B$105,$B10,Detail!$G$2:$G$105,V$1,Detail!$J$2:$J$105,">0")) -> 1
A11: Example A - method 1 data | B11: 2024 | C11: accident periods | D11: =IF(COUNTIFS(Detail!$A$2:$A$105,"M1",Detail!$B$2:$B$105,$B10,Detail!$G$2:$G$105,D$1,Detail!$J$2:$J$105,">0")=0,"",COUNTIFS(Detail!$A$2:$A$105,"M1",Detail!$B$2:$B$105,$B10,Detail!$G$2:$G$105,D$1,Detail!$J$2:$J$105,">0")) | E11: =IF(COUNTIFS(Detail!$A$2:$A$105,"M1",Detail!$B$2:$B$105,$B10,Detail!$G$2:$G$105,E$1,Detail!$J$2:$J$105,">0")=0,"",COUNTIFS(Detail!$A$2:$A$105,"M1",Detail!$B$2:$B$105,$B10,Detail!$G$2:$G$105,E$1,Detail!$J$2:$J$105,">0")) -> 1 | F11: =IF(COUNTIFS(Detail!$A$2:$A$105,"M1",Detail!$B$2:$B$105,$B10,Detail!$G$2:$G$105,F$1,Detail!$J$2:$J$105,">0")=0,"",COUNTIFS(Detail!$A$2:$A$105,"M1",Detail!$B$2:$B$105,$B10,Detail!$G$2:$G$105,F$1,Detail!$J$2:$J$105,">0")) -> 1 | G11: =IF(COUNTIFS(Detail!$A$2:$A$105,"M1",Detail!$B$2:$B$105,$B10,Detail!$G$2:$G$105,G$1,Detail!$J$2:$J$105,">0")=0,"",COUNTIFS(Detail!$A$2:$A$105,"M1",Detail!$B$2:$B$105,$B10,Detail!$G$2:$G$105,G$1,Detail!$J$2:$J$105,">0")) -> 1 | H11: =IF(COUNTIFS(Detail!$A$2:$A$105,"M1",Detail!$B$2:$B$105,$B10,Detail!$G$2:$G$105,H$1,Detail!$J$2:$J$105,">0")=0,"",COUNTIFS(Detail!$A$2:$A$105,"M1",Detail!$B$2:$B$105,$B10,Detail!$G$2:$G$105,H$1,Detail!$J$2:$J$105,">0")) -> 1 | I11: =IF(COUNTIFS(Detail!$A$2:$A$105,"M1",Detail!$B$2:$B$105,$B10,Detail!$G$2:$G$105,I$1,Detail!$J$2:$J$105,">0")=0,"",COUNTIFS(Detail!$A$2:$A$105,"M1",Detail!$B$2:$B$105,$B10,Detail!$G$2:$G$105,I$1,Detail!$J$2:$J$105,">0")) -> 1 | J11: =IF(COUNTIFS(Detail!$A$2:$A$105,"M1",Detail!$B$2:$B$105,$B10,Detail!$G$2:$G$105,J$1,Detail!$J$2:$J$105,">0")=0,"",COUNTIFS(Detail!$A$2:$A$105,"M1",Detail!$B$2:$B$105,$B10,Detail!$G$2:$G$105,J$1,Detail!$J$2:$J$105,">0")) -> 1 | K11: =IF(COUNTIFS(Detail!$A$2:$A$105,"M1",Detail!$B$2:$B$105,$B10,Detail!$G$2:$G$105,K$1,Detail!$J$2:$J$105,">0")=0,"",COUNTIFS(Detail!$A$2:$A$105,"M1",Detail!$B$2:$B$105,$B10,Detail!$G$2:$G$105,K$1,Detail!$J$2:$J$105,">0")) -> 1 | ... V11: =IF(COUNTIFS(Detail!$A$2:$A$105,"M1",Detail!$B$2:$B$105,$B10,Detail!$G$2:$G$105,V$1,Detail!$J$2:$J$105,">0")=0,"",COUNTIFS(Detail!$A$2:$A$105,"M1",Detail!$B$2:$B$105,$B10,Detail!$G$2:$G$105,V$1,Detail!$J$2:$J$105,">0")) -> 1
A12: Example A - method 1 data | B12: 2024 | C12: expected M1 | D12: =IF(D11="","",SUMIFS(Detail!$P$2:$P$105,Detail!$A$2:$A$105,"M1",Detail!$B$2:$B$105,$B10,Detail!$G$2:$G$105,D$1,Detail!$J$2:$J$105,">0")/SUMIFS(Detail!$J$2:$J$105,Detail!$A$2:$A$105,"M1",Detail!$B$2:$B$105,$B10,Detail!$G$2:$G$105,D$1,Detail!$J$2:$J$105,">0")) | E12: =IF(E11="","",SUMIFS(Detail!$P$2:$P$105,Detail!$A$2:$A$105,"M1",Detail!$B$2:$B$105,$B10,Detail!$G$2:$G$105,E$1,Detail!$J$2:$J$105,">0")/SUMIFS(Detail!$J$2:$J$105,Detail!$A$2:$A$105,"M1",Detail!$B$2:$B$105,$B10,Detail!$G$2:$G$105,E$1,Detail!$J$2:$J$105,">0")) -> 0.8383038 | F12: =IF(F11="","",SUMIFS(Detail!$P$2:$P$105,Detail!$A$2:$A$105,"M1",Detail!$B$2:$B$105,$B10,Detail!$G$2:$G$105,F$1,Detail!$J$2:$J$105,">0")/SUMIFS(Detail!$J$2:$J$105,Detail!$A$2:$A$105,"M1",Detail!$B$2:$B$105,$B10,Detail!$G$2:$G$105,F$1,Detail!$J$2:$J$105,">0")) -> 0.37443855 | G12: =IF(G11="","",SUMIFS(Detail!$P$2:$P$105,Detail!$A$2:$A$105,"M1",Detail!$B$2:$B$105,$B10,Detail!$G$2:$G$105,G$1,Detail!$J$2:$J$105,">0")/SUMIFS(Detail!$J$2:$J$105,Detail!$A$2:$A$105,"M1",Detail!$B$2:$B$105,$B10,Detail!$G$2:$G$105,G$1,Detail!$J$2:$J$105,">0")) -> 0.40611121 | H12: =IF(H11="","",SUMIFS(Detail!$P$2:$P$105,Detail!$A$2:$A$105,"M1",Detail!$B$2:$B$105,$B10,Detail!$G$2:$G$105,H$1,Detail!$J$2:$J$105,">0")/SUMIFS(Detail!$J$2:$J$105,Detail!$A$2:$A$105,"M1",Detail!$B$2:$B$105,$B10,Detail!$G$2:$G$105,H$1,Detail!$J$2:$J$105,">0")) -> 0.68006198 | I12: =IF(I11="","",SUMIFS(Detail!$P$2:$P$105,Detail!$A$2:$A$105,"M1",Detail!$B$2:$B$105,$B10,Detail!$G$2:$G$105,I$1,Detail!$J$2:$J$105,">0")/SUMIFS(Detail!$J$2:$J$105,Detail!$A$2:$A$105,"M1",Detail!$B$2:$B$105,$B10,Detail!$G$2:$G$105,I$1,Detail!$J$2:$J$105,">0")) -> 0.84964748 | J12: =IF(J11="","",SUMIFS(Detail!$P$2:$P$105,Detail!$A$2:$A$105,"M1",Detail!$B$2:$B$105,$B10,Detail!$G$2:$G$105,J$1,Detail!$J$2:$J$105,">0")/SUMIFS(Detail!$J$2:$J$105,Detail!$A$2:$A$105,"M1",Detail!$B$2:$B$105,$B10,Detail!$G$2:$G$105,J$1,Detail!$J$2:$J$105,">0")) -> 0.95879811 | K12: =IF(K11="","",SUMIFS(Detail!$P$2:$P$105,Detail!$A$2:$A$105,"M1",Detail!$B$2:$B$105,$B10,Detail!$G$2:$G$105,K$1,Detail!$J$2:$J$105,">0")/SUMIFS(Detail!$J$2:$J$105,Detail!$A$2:$A$105,"M1",Detail!$B$2:$B$105,$B10,Detail!$G$2:$G$105,K$1,Detail!$J$2:$J$105,">0")) -> 0.71593502 | ... V12: =IF(V11="","",SUMIFS(Detail!$P$2:$P$105,Detail!$A$2:$A$105,"M1",Detail!$B$2:$B$105,$B10,Detail!$G$2:$G$105,V$1,Detail!$J$2:$J$105,">0")/SUMIFS(Detail!$J$2:$J$105,Detail!$A$2:$A$105,"M1",Detail!$B$2:$B$105,$B10,Detail!$G$2:$G$105,V$1,Detail!$J$2:$J$105,">0")) -> 1
A13: Example A - method 1 data | B13: 2024 | C13: difference M1 | D13: =IF(D11="","",D12-D10) | E13: =IF(E11="","",E12-E10) -> 0.070393256 | F13: =IF(F11="","",F12-F10) -> 0.14107875 | G13: =IF(G11="","",G12-G10) -> 0.24676659 | H13: =IF(H11="","",H12-H10) -> 0.086754225 | I13: =IF(I11="","",I12-I10) -> 0.14331183 | J13: =IF(J11="","",J12-J10) -> 0.0063606565 | K13: =IF(K11="","",K12-K10) -> 0.043851682 | ... V13: =IF(V11="","",V12-V10) -> 0
A14: Example A - method 1 data | B14: 2024 | C14: expected M2 | D14: =IF(D11="","",SUMIFS(Detail!$P$2:$P$105,Detail!$A$2:$A$105,"M2",Detail!$B$2:$B$105,$B10,Detail!$G$2:$G$105,D$1,Detail!$J$2:$J$105,">0")/SUMIFS(Detail!$J$2:$J$105,Detail!$A$2:$A$105,"M2",Detail!$B$2:$B$105,$B10,Detail!$G$2:$G$105,D$1,Detail!$J$2:$J$105,">0")) | E14: =IF(E11="","",SUMIFS(Detail!$P$2:$P$105,Detail!$A$2:$A$105,"M2",Detail!$B$2:$B$105,$B10,Detail!$G$2:$G$105,E$1,Detail!$J$2:$J$105,">0")/SUMIFS(Detail!$J$2:$J$105,Detail!$A$2:$A$105,"M2",Detail!$B$2:$B$105,$B10,Detail!$G$2:$G$105,E$1,Detail!$J$2:$J$105,">0")) -> 0.84131115 | F14: =IF(F11="","",SUMIFS(Detail!$P$2:$P$105,Detail!$A$2:$A$105,"M2",Detail!$B$2:$B$105,$B10,Detail!$G$2:$G$105,F$1,Detail!$J$2:$J$105,">0")/SUMIFS(Detail!$J$2:$J$105,Detail!$A$2:$A$105,"M2",Detail!$B$2:$B$105,$B10,Detail!$G$2:$G$105,F$1,Detail!$J$2:$J$105,">0")) -> 0.37737333 | G14: =IF(G11="","",SUMIFS(Detail!$P$2:$P$105,Detail!$A$2:$A$105,"M2",Detail!$B$2:$B$105,$B10,Detail!$G$2:$G$105,G$1,Detail!$J$2:$J$105,">0")/SUMIFS(Detail!$J$2:$J$105,Detail!$A$2:$A$105,"M2",Detail!$B$2:$B$105,$B10,Detail!$G$2:$G$105,G$1,Detail!$J$2:$J$105,">0")) -> 0.32125709 | H14: =IF(H11="","",SUMIFS(Detail!$P$2:$P$105,Detail!$A$2:$A$105,"M2",Detail!$B$2:$B$105,$B10,Detail!$G$2:$G$105,H$1,Detail!$J$2:$J$105,">0")/SUMIFS(Detail!$J$2:$J$105,Detail!$A$2:$A$105,"M2",Detail!$B$2:$B$105,$B10,Detail!$G$2:$G$105,H$1,Detail!$J$2:$J$105,">0")) -> 0.69470627 | I14: =IF(I11="","",SUMIFS(Detail!$P$2:$P$105,Detail!$A$2:$A$105,"M2",Detail!$B$2:$B$105,$B10,Detail!$G$2:$G$105,I$1,Detail!$J$2:$J$105,">0")/SUMIFS(Detail!$J$2:$J$105,Detail!$A$2:$A$105,"M2",Detail!$B$2:$B$105,$B10,Detail!$G$2:$G$105,I$1,Detail!$J$2:$J$105,">0")) -> 0.70633565 | J14: =IF(J11="","",SUMIFS(Detail!$P$2:$P$105,Detail!$A$2:$A$105,"M2",Detail!$B$2:$B$105,$B10,Detail!$G$2:$G$105,J$1,Detail!$J$2:$J$105,">0")/SUMIFS(Detail!$J$2:$J$105,Detail!$A$2:$A$105,"M2",Detail!$B$2:$B$105,$B10,Detail!$G$2:$G$105,J$1,Detail!$J$2:$J$105,">0")) -> 0.95243746 | K14: =IF(K11="","",SUMIFS(Detail!$P$2:$P$105,Detail!$A$2:$A$105,"M2",Detail!$B$2:$B$105,$B10,Detail!$G$2:$G$105,K$1,Detail!$J$2:$J$105,">0")/SUMIFS(Detail!$J$2:$J$105,Detail!$A$2:$A$105,"M2",Detail!$B$2:$B$105,$B10,Detail!$G$2:$G$105,K$1,Detail!$J$2:$J$105,">0")) -> 0.71593502 | ... V14: =IF(V11="","",SUMIFS(Detail!$P$2:$P$105,Detail!$A$2:$A$105,"M2",Detail!$B$2:$B$105,$B10,Detail!$G$2:$G$105,V$1,Detail!$J$2:$J$105,">0")/SUMIFS(Detail!$J$2:$J$105,Detail!$A$2:$A$105,"M2",Detail!$B$2:$B$105,$B10,Detail!$G$2:$G$105,V$1,Detail!$J$2:$J$105,">0")) -> 1
A15: Example A - method 1 data | B15: 2024 | C15: difference M2 | D15: =IF(D11="","",D14-D10) | E15: =IF(E11="","",E14-E10) -> 0.073400604 | F15: =IF(F11="","",F14-F10) -> 0.14401353 | G15: =IF(G11="","",G14-G10) -> 0.16191247 | H15: =IF(H11="","",H14-H10) -> 0.10139852 | I15: =IF(I11="","",I14-I10) -> 0 | J15: =IF(J11="","",J14-J10) -> 0 | K15: =IF(K11="","",K14-K10) -> 0.043851682 | ... V15: =IF(V11="","",V14-V10) -> 0

Sheet Backtest by period
A1: aggregate | B1: valuation | C1: row | D1: V+1 | E1: V+2 | F1: total
A2: Example A - method 1 data | B2: 2023 | C2: period | D2: =IF($B2+1>2025,"",""&($B2+1)) -> 2024 | E2: =IF($B2+2>2025,"",""&($B2+2)) -> 2025
A3: Example A - method 1 data | B3: 2023 | C3: actual | D3: =IF(D2="","",SUMIFS(Detail!$N$2:$N$105,Detail!$A$2:$A$105,"M1",Detail!$B$2:$B$105,$B2,Detail!$D$2:$D$105,$B2+1)) -> 42408 | E3: =IF(E2="","",SUMIFS(Detail!$N$2:$N$105,Detail!$A$2:$A$105,"M1",Detail!$B$2:$B$105,$B2,Detail!$D$2:$D$105,$B2+2)) -> 0 | F3: =SUM(D3:E3) -> 42408
A4: Example A - method 1 data | B4: 2023 | C4: expected M1 | D4: =IF(D2="","",SUMIFS(Detail!$M$2:$M$105,Detail!$A$2:$A$105,"M1",Detail!$B$2:$B$105,$B2,Detail!$D$2:$D$105,$B2+1)) -> 128088.78 | E4: =IF(E2="","",SUMIFS(Detail!$M$2:$M$105,Detail!$A$2:$A$105,"M1",Detail!$B$2:$B$105,$B2,Detail!$D$2:$D$105,$B2+2)) -> 84367.924 | F4: =SUM(D4:E4) -> 212456.71
A5: Example A - method 1 data | B5: 2023 | C5: difference M1 | D5: =IF(D2="","",D4-D3) -> 85680.784 | E5: =IF(E2="","",E4-E3) -> 84367.924 | F5: =SUM(D5:E5) -> 170048.71
A6: Example A - method 1 data | B6: 2023 | C6: expected M2 | D6: =IF(D2="","",SUMIFS(Detail!$M$2:$M$105,Detail!$A$2:$A$105,"M2",Detail!$B$2:$B$105,$B2,Detail!$D$2:$D$105,$B2+1)) -> 105391.22 | E6: =IF(E2="","",SUMIFS(Detail!$M$2:$M$105,Detail!$A$2:$A$105,"M2",Detail!$B$2:$B$105,$B2,Detail!$D$2:$D$105,$B2+2)) -> 68185.684 | F6: =SUM(D6:E6) -> 173576.91
A7: Example A - method 1 data | B7: 2023 | C7: difference M2 | D7: =IF(D2="","",D6-D3) -> 62983.221 | E7: =IF(E2="","",E6-E3) -> 68185.684 | F7: =SUM(D7:E7) -> 131168.91
A10: Example A - method 1 data | B10: 2024 | C10: period | D10: =IF($B10+1>2025,"",""&($B10+1)) -> 2025 | E10: =IF($B10+2>2025,"",""&($B10+2))
A11: Example A - method 1 data | B11: 2024 | C11: actual | D11: =IF(D10="","",SUMIFS(Detail!$N$2:$N$105,Detail!$A$2:$A$105,"M1",Detail!$B$2:$B$105,$B10,Detail!$D$2:$D$105,$B10+1)) -> 1 | E11: =IF(E10="","",SUMIFS(Detail!$N$2:$N$105,Detail!$A$2:$A$105,"M1",Detail!$B$2:$B$105,$B10,Detail!$D$2:$D$105,$B10+2)) | F11: =SUM(D11:E11) -> 1
A12: Example A - method 1 data | B12: 2024 | C12: expected M1 | D12: =IF(D10="","",SUMIFS(Detail!$M$2:$M$105,Detail!$A$2:$A$105,"M1",Detail!$B$2:$B$105,$B10,Detail!$D$2:$D$105,$B10+1)) -> 78672.607 | E12: =IF(E10="","",SUMIFS(Detail!$M$2:$M$105,Detail!$A$2:$A$105,"M1",Detail!$B$2:$B$105,$B10,Detail!$D$2:$D$105,$B10+2)) | F12: =SUM(D12:E12) -> 78672.607
A13: Example A - method 1 data | B13: 2024 | C13: difference M1 | D13: =IF(D10="","",D12-D11) -> 78671.607 | E13: =IF(E10="","",E12-E11) | F13: =SUM(D13:E13) -> 78671.607
A14: Example A - method 1 data | B14: 2024 | C14: expected M2 | D14: =IF(D10="","",SUMIFS(Detail!$M$2:$M$105,Detail!$A$2:$A$105,"M2",Detail!$B$2:$B$105,$B10,Detail!$D$2:$D$105,$B10+1)) -> 55977.931 | E14: =IF(E10="","",SUMIFS(Detail!$M$2:$M$105,Detail!$A$2:$A$105,"M2",Detail!$B$2:$B$105,$B10,Detail!$D$2:$D$105,$B10+2)) | F14: =SUM(D14:E14) -> 55977.931
A15: Example A - method 1 data | B15: 2024 | C15: difference M2 | D15: =IF(D10="","",D14-D11) -> 55976.931 | E15: =IF(E10="","",E14-E11) | F15: =SUM(D15:E15) -> 55976.931

Sheet Metrics
A1: Metrics per aggregate x method x valuation (lower = better; 'all' pools both valuations)
A3: Huber threshold (money) | C3: 10000
A5: aggregate | B5: method | C5: valuation | D5: valuation filter | E5: n (AY x year) | F5: sum expected | G5: sum actual | H5: bias (exp - act) | I5: sum BE at valuation | J5: |bias| / BE | K5: SAE (sum |diff|) | L5: MAE | M5: SSE (sum diff^2) | N5: RMSE | O5: Pearson chi2 | P5: Huber loss | Q5: SAE / BE | R5: cum. MAE % of U | S5: cum. RMSE % pts | T5: rank |bias| | U5: rank SAE | V5: rank RMSE | W5: rank Pearson | X5: rank Huber | Y5: rank cum. MAE %
A6: Example A - method 1 data | B6: M1 | C6: 2023 | D6: 2023 | E6: =COUNTIFS(Detail!$U$2:$U$105,$A6,Detail!$A$2:$A$105,$B6,Detail!$B$2:$B$105,$D6) -> 34 | F6: =SUMIFS(Detail!$M$2:$M$105,Detail!$U$2:$U$105,$A6,Detail!$A$2:$A$105,$B6,Detail!$B$2:$B$105,$D6) -> 212456.71 | G6: =SUMIFS(Detail!$N$2:$N$105,Detail!$U$2:$U$105,$A6,Detail!$A$2:$A$105,$B6,Detail!$B$2:$B$105,$D6) -> 42408 | H6: =F6-G6 -> 170048.71 | I6: =SUMIFS(Detail!$I$2:$I$105,Detail!$U$2:$U$105,$A6,Detail!$A$2:$A$105,$B6,Detail!$B$2:$B$105,$D6,Detail!$E$2:$E$105,1) -> 367618 | J6: =IF(I6>0,ABS(H6)/I6,"") -> 0.46256905 | K6: =SUMIFS(Detail!$V$2:$V$105,Detail!$U$2:$U$105,$A6,Detail!$A$2:$A$105,$B6,Detail!$B$2:$B$105,$D6) -> 170048.71 | L6: =K6/E6 -> 5001.4326 | M6: =SUMIFS(Detail!$W$2:$W$105,Detail!$U$2:$U$105,$A6,Detail!$A$2:$A$105,$B6,Detail!$B$2:$B$105,$D6) -> 4.3860174e+09 | N6: =SQRT(M6/E6) -> 11357.839 | O6: =SUMIFS(Detail!$X$2:$X$105,Detail!$U$2:$U$105,$A6,Detail!$A$2:$A$105,$B6,Detail!$B$2:$B$105,$D6) -> 155442.79 | P6: =SUMIFS(Detail!$Y$2:$Y$105,Detail!$U$2:$U$105,$A6,Detail!$A$2:$A$105,$B6,Detail!$B$2:$B$105,$D6) -> 1.319704e+09 | Q6: =IF(I6>0,K6/I6,"") -> 0.46256905 | R6: =SUMIFS(Detail!$Z$2:$Z$105,Detail!$U$2:$U$105,$A6,Detail!$A$2:$A$105,$B6,Detail!$B$2:$B$105,$D6,Detail!$J$2:$J$105,">0")/SUMIFS(Detail!$J$2:$J$105,Detail!$U$2:$U$105,$A6,Detail!$A$2:$A$105,$B6,Detail!$B$2:$B$105,$D6,Detail!$J$2:$J$105,">0") -> 0.16310964 | S6: =SQRT(SUMIFS(Detail!$AA$2:$AA$105,Detail!$U$2:$U$105,$A6,Detail!$A$2:$A$105,$B6,Detail!$B$2:$B$105,$D6,Detail!$J$2:$J$105,">0")/COUNTIFS(Detail!$U$2:$U$105,$A6,Detail!$A$2:$A$105,$B6,Detail!$B$2:$B$105,$D6,Detail!$J$2:$J$105,">0")) -> 0.12346679 | T6: =SUMPRODUCT(($A$6:$A$11=$A6)*($C$6:$C$11=$C6)*($J$6:$J$11<J6))+1 -> 2 | U6: =SUMPRODUCT(($A$6:$A$11=$A6)*($C$6:$C$11=$C6)*($K$6:$K$11<K6))+1 -> 2 | V6: =SUMPRODUCT(($A$6:$A$11=$A6)*($C$6:$C$11=$C6)*($N$6:$N$11<N6))+1 -> 2 | W6: =SUMPRODUCT(($A$6:$A$11=$A6)*($C$6:$C$11=$C6)*($O$6:$O$11<O6))+1 -> 2 | X6: =SUMPRODUCT(($A$6:$A$11=$A6)*($C$6:$C$11=$C6)*($P$6:$P$11<P6))+1 -> 2 | Y6: =SUMPRODUCT(($A$6:$A$11=$A6)*($C$6:$C$11=$C6)*($R$6:$R$11<R6))+1 -> 2
A7: Example A - method 1 data | B7: M1 | C7: 2024 | D7: 2024 | E7: =COUNTIFS(Detail!$U$2:$U$105,$A7,Detail!$A$2:$A$105,$B7,Detail!$B$2:$B$105,$D7) -> 18 | F7: =SUMIFS(Detail!$M$2:$M$105,Detail!$U$2:$U$105,$A7,Detail!$A$2:$A$105,$B7,Detail!$B$2:$B$105,$D7) -> 78672.607 | G7: =SUMIFS(Detail!$N$2:$N$105,Detail!$U$2:$U$105,$A7,Detail!$A$2:$A$105,$B7,Detail!$B$2:$B$105,$D7) -> 1 | H7: =F7-G7 -> 78671.607 | I7: =SUMIFS(Detail!$I$2:$I$105,Detail!$U$2:$U$105,$A7,Detail!$A$2:$A$105,$B7,Detail!$B$2:$B$105,$D7,Detail!$E$2:$E$105,1) -> 312633 | J7: =IF(I7>0,ABS(H7)/I7,"") -> 0.25164204 | K7: =SUMIFS(Detail!$V$2:$V$105,Detail!$U$2:$U$105,$A7,Detail!$A$2:$A$105,$B7,Detail!$B$2:$B$105,$D7) -> 78671.607 | L7: =K7/E7 -> 4370.6448 | M7: =SUMIFS(Detail!$W$2:$W$105,Detail!$U$2:$U$105,$A7,Detail!$A$2:$A$105,$B7,Detail!$B$2:$B$105,$D7) -> 1.5552358e+09 | N7: =SQRT(M7/E7) -> 9295.267 | O7: =SUMIFS(Detail!$X$2:$X$105,Detail!$U$2:$U$105,$A7,Detail!$A$2:$A$105,$B7,Detail!$B$2:$B$105,$D7) -> 78670.609 | P7: =SUMIFS(Detail!$Y$2:$Y$105,Detail!$U$2:$U$105,$A7,Detail!$A$2:$A$105,$B7,Detail!$B$2:$B$105,$D7) -> 5.7847522e+08 | Q7: =IF(I7>0,K7/I7,"") -> 0.25164204 | R7: =SUMIFS(Detail!$Z$2:$Z$105,Detail!$U$2:$U$105,$A7,Detail!$A$2:$A$105,$B7,Detail!$B$2:$B$105,$D7,Detail!$J$2:$J$105,">0")/SUMIFS(Detail!$J$2:$J$105,Detail!$U$2:$U$105,$A7,Detail!$A$2:$A$105,$B7,Detail!$B$2:$B$105,$D7,Detail!$J$2:$J$105,">0") -> 0.10121828 | S7: =SQRT(SUMIFS(Detail!$AA$2:$AA$105,Detail!$U$2:$U$105,$A7,Detail!$A$2:$A$105,$B7,Detail!$B$2:$B$105,$D7,Detail!$J$2:$J$105,">0")/COUNTIFS(Detail!$U$2:$U$105,$A7,Detail!$A$2:$A$105,$B7,Detail!$B$2:$B$105,$D7,Detail!$J$2:$J$105,">0")) -> 0.080201208 | T7: =SUMPRODUCT(($A$6:$A$11=$A7)*($C$6:$C$11=$C7)*($J$6:$J$11<J7))+1 -> 2 | U7: =SUMPRODUCT(($A$6:$A$11=$A7)*($C$6:$C$11=$C7)*($K$6:$K$11<K7))+1 -> 2 | V7: =SUMPRODUCT(($A$6:$A$11=$A7)*($C$6:$C$11=$C7)*($N$6:$N$11<N7))+1 -> 2 | W7: =SUMPRODUCT(($A$6:$A$11=$A7)*($C$6:$C$11=$C7)*($O$6:$O$11<O7))+1 -> 2 | X7: =SUMPRODUCT(($A$6:$A$11=$A7)*($C$6:$C$11=$C7)*($P$6:$P$11<P7))+1 -> 2 | Y7: =SUMPRODUCT(($A$6:$A$11=$A7)*($C$6:$C$11=$C7)*($R$6:$R$11<R7))+1 -> 2
A8: Example A - method 1 data | B8: M1 | C8: all | D8: >0 | E8: =COUNTIFS(Detail!$U$2:$U$105,$A8,Detail!$A$2:$A$105,$B8,Detail!$B$2:$B$105,$D8) -> 52 | F8: =SUMIFS(Detail!$M$2:$M$105,Detail!$U$2:$U$105,$A8,Detail!$A$2:$A$105,$B8,Detail!$B$2:$B$105,$D8) -> 291129.32 | G8: =SUMIFS(Detail!$N$2:$N$105,Detail!$U$2:$U$105,$A8,Detail!$A$2:$A$105,$B8,Detail!$B$2:$B$105,$D8) -> 42409 | H8: =F8-G8 -> 248720.32 | I8: =SUMIFS(Detail!$I$2:$I$105,Detail!$U$2:$U$105,$A8,Detail!$A$2:$A$105,$B8,Detail!$B$2:$B$105,$D8,Detail!$E$2:$E$105,1) -> 680251 | J8: =IF(I8>0,ABS(H8)/I8,"") -> 0.36563021 | K8: =SUMIFS(Detail!$V$2:$V$105,Detail!$U$2:$U$105,$A8,Detail!$A$2:$A$105,$B8,Detail!$B$2:$B$105,$D8) -> 248720.32 | L8: =K8/E8 -> 4783.083 | M8: =SUMIFS(Detail!$W$2:$W$105,Detail!$U$2:$U$105,$A8,Detail!$A$2:$A$105,$B8,Detail!$B$2:$B$105,$D8) -> 5.9412532e+09 | N8: =SQRT(M8/E8) -> 10689.007 | O8: =SUMIFS(Detail!$X$2:$X$105,Detail!$U$2:$U$105,$A8,Detail!$A$2:$A$105,$B8,Detail!$B$2:$B$105,$D8) -> 234113.4 | P8: =SUMIFS(Detail!$Y$2:$Y$105,Detail!$U$2:$U$105,$A8,Detail!$A$2:$A$105,$B8,Detail!$B$2:$B$105,$D8) -> 1.8981793e+09 | Q8: =IF(I8>0,K8/I8,"") -> 0.36563021 | R8: =SUMIFS(Detail!$Z$2:$Z$105,Detail!$U$2:$U$105,$A8,Detail!$A$2:$A$105,$B8,Detail!$B$2:$B$105,$D8,Detail!$J$2:$J$105,">0")/SUMIFS(Detail!$J$2:$J$105,Detail!$U$2:$U$105,$A8,Detail!$A$2:$A$105,$B8,Detail!$B$2:$B$105,$D8,Detail!$J$2:$J$105,">0") -> 0.14259658 | S8: =SQRT(SUMIFS(Detail!$AA$2:$AA$105,Detail!$U$2:$U$105,$A8,Detail!$A$2:$A$105,$B8,Detail!$B$2:$B$105,$D8,Detail!$J$2:$J$105,">0")/COUNTIFS(Detail!$U$2:$U$105,$A8,Detail!$A$2:$A$105,$B8,Detail!$B$2:$B$105,$D8,Detail!$J$2:$J$105,">0")) -> 0.11042556 | T8: =SUMPRODUCT(($A$6:$A$11=$A8)*($C$6:$C$11=$C8)*($J$6:$J$11<J8))+1 -> 2 | U8: =SUMPRODUCT(($A$6:$A$11=$A8)*($C$6:$C$11=$C8)*($K$6:$K$11<K8))+1 -> 2 | V8: =SUMPRODUCT(($A$6:$A$11=$A8)*($C$6:$C$11=$C8)*($N$6:$N$11<N8))+1 -> 2 | W8: =SUMPRODUCT(($A$6:$A$11=$A8)*($C$6:$C$11=$C8)*($O$6:$O$11<O8))+1 -> 2 | X8: =SUMPRODUCT(($A$6:$A$11=$A8)*($C$6:$C$11=$C8)*($P$6:$P$11<P8))+1 -> 2 | Y8: =SUMPRODUCT(($A$6:$A$11=$A8)*($C$6:$C$11=$C8)*($R$6:$R$11<R8))+1 -> 2
A9: Example A - method 1 data | B9: M2 | C9: 2023 | D9: 2023 | E9: =COUNTIFS(Detail!$U$2:$U$105,$A9,Detail!$A$2:$A$105,$B9,Detail!$B$2:$B$105,$D9) -> 34 | F9: =SUMIFS(Detail!$M$2:$M$105,Detail!$U$2:$U$105,$A9,Detail!$A$2:$A$105,$B9,Detail!$B$2:$B$105,$D9) -> 173576.91 | G9: =SUMIFS(Detail!$N$2:$N$105,Detail!$U$2:$U$105,$A9,Detail!$A$2:$A$105,$B9,Detail!$B$2:$B$105,$D9) -> 42408 | H9: =F9-G9 -> 131168.91 | I9: =SUMIFS(Detail!$I$2:$I$105,Detail!$U$2:$U$105,$A9,Detail!$A$2:$A$105,$B9,Detail!$B$2:$B$105,$D9,Detail!$E$2:$E$105,1) -> 367618 | J9: =IF(I9>0,ABS(H9)/I9,"") -> 0.35680762 | K9: =SUMIFS(Detail!$V$2:$V$105,Detail!$U$2:$U$105,$A9,Detail!$A$2:$A$105,$B9,Detail!$B$2:$B$105,$D9) -> 131168.91 | L9: =K9/E9 -> 3857.909 | M9: =SUMIFS(Detail!$W$2:$W$105,Detail!$U$2:$U$105,$A9,Detail!$A$2:$A$105,$B9,Detail!$B$2:$B$105,$D9) -> 2.8478926e+09 | N9: =SQRT(M9/E9) -> 9152.1335 | O9: =SUMIFS(Detail!$X$2:$X$105,Detail!$U$2:$U$105,$A9,Detail!$A$2:$A$105,$B9,Detail!$B$2:$B$105,$D9) -> 123099.45 | P9: =SUMIFS(Detail!$Y$2:$Y$105,Detail!$U$2:$U$105,$A9,Detail!$A$2:$A$105,$B9,Detail!$B$2:$B$105,$D9) -> 9.6235555e+08 | Q9: =IF(I9>0,K9/I9,"") -> 0.35680762 | R9: =SUMIFS(Detail!$Z$2:$Z$105,Detail!$U$2:$U$105,$A9,Detail!$A$2:$A$105,$B9,Detail!$B$2:$B$105,$D9,Detail!$J$2:$J$105,">0")/SUMIFS(Detail!$J$2:$J$105,Detail!$U$2:$U$105,$A9,Detail!$A$2:$A$105,$B9,Detail!$B$2:$B$105,$D9,Detail!$J$2:$J$105,">0") -> 0.1238343 | S9: =SQRT(SUMIFS(Detail!$AA$2:$AA$105,Detail!$U$2:$U$105,$A9,Detail!$A$2:$A$105,$B9,Detail!$B$2:$B$105,$D9,Detail!$J$2:$J$105,">0")/COUNTIFS(Detail!$U$2:$U$105,$A9,Detail!$A$2:$A$105,$B9,Detail!$B$2:$B$105,$D9,Detail!$J$2:$J$105,">0")) -> 0.10317377 | T9: =SUMPRODUCT(($A$6:$A$11=$A9)*($C$6:$C$11=$C9)*($J$6:$J$11<J9))+1 -> 1 | U9: =SUMPRODUCT(($A$6:$A$11=$A9)*($C$6:$C$11=$C9)*($K$6:$K$11<K9))+1 -> 1 | V9: =SUMPRODUCT(($A$6:$A$11=$A9)*($C$6:$C$11=$C9)*($N$6:$N$11<N9))+1 -> 1 | W9: =SUMPRODUCT(($A$6:$A$11=$A9)*($C$6:$C$11=$C9)*($O$6:$O$11<O9))+1 -> 1 | X9: =SUMPRODUCT(($A$6:$A$11=$A9)*($C$6:$C$11=$C9)*($P$6:$P$11<P9))+1 -> 1 | Y9: =SUMPRODUCT(($A$6:$A$11=$A9)*($C$6:$C$11=$C9)*($R$6:$R$11<R9))+1 -> 1
A10: Example A - method 1 data | B10: M2 | C10: 2024 | D10: 2024 | E10: =COUNTIFS(Detail!$U$2:$U$105,$A10,Detail!$A$2:$A$105,$B10,Detail!$B$2:$B$105,$D10) -> 18 | F10: =SUMIFS(Detail!$M$2:$M$105,Detail!$U$2:$U$105,$A10,Detail!$A$2:$A$105,$B10,Detail!$B$2:$B$105,$D10) -> 55977.931 | G10: =SUMIFS(Detail!$N$2:$N$105,Detail!$U$2:$U$105,$A10,Detail!$A$2:$A$105,$B10,Detail!$B$2:$B$105,$D10) -> 1 | H10: =F10-G10 -> 55976.931 | I10: =SUMIFS(Detail!$I$2:$I$105,Detail!$U$2:$U$105,$A10,Detail!$A$2:$A$105,$B10,Detail!$B$2:$B$105,$D10,Detail!$E$2:$E$105,1) -> 312633 | J10: =IF(I10>0,ABS(H10)/I10,"") -> 0.17904997 | K10: =SUMIFS(Detail!$V$2:$V$105,Detail!$U$2:$U$105,$A10,Detail!$A$2:$A$105,$B10,Detail!$B$2:$B$105,$D10) -> 55976.931 | L10: =K10/E10 -> 3109.8295 | M10: =SUMIFS(Detail!$W$2:$W$105,Detail!$U$2:$U$105,$A10,Detail!$A$2:$A$105,$B10,Detail!$B$2:$B$105,$D10) -> 1.1210313e+09 | N10: =SQRT(M10/E10) -> 7891.7371 | O10: =SUMIFS(Detail!$X$2:$X$105,Detail!$U$2:$U$105,$A10,Detail!$A$2:$A$105,$B10,Detail!$B$2:$B$105,$D10) -> 55975.932 | P10: =SUMIFS(Detail!$Y$2:$Y$105,Detail!$U$2:$U$105,$A10,Detail!$A$2:$A$105,$B10,Detail!$B$2:$B$105,$D10) -> 4.0322109e+08 | Q10: =IF(I10>0,K10/I10,"") -> 0.17904997 | R10: =SUMIFS(Detail!$Z$2:$Z$105,Detail!$U$2:$U$105,$A10,Detail!$A$2:$A$105,$B10,Detail!$B$2:$B$105,$D10,Detail!$J$2:$J$105,">0")/SUMIFS(Detail!$J$2:$J$105,Detail!$U$2:$U$105,$A10,Detail!$A$2:$A$105,$B10,Detail!$B$2:$B$105,$D10,Detail!$J$2:$J$105,">0") -> 0.072019488 | S10: =SQRT(SUMIFS(Detail!$AA$2:$AA$105,Detail!$U$2:$U$105,$A10,Detail!$A$2:$A$105,$B10,Detail!$B$2:$B$105,$D10,Detail!$J$2:$J$105,">0")/COUNTIFS(Detail!$U$2:$U$105,$A10,Detail!$A$2:$A$105,$B10,Detail!$B$2:$B$105,$D10,Detail!$J$2:$J$105,">0")) -> 0.059883151 | T10: =SUMPRODUCT(($A$6:$A$11=$A10)*($C$6:$C$11=$C10)*($J$6:$J$11<J10))+1 -> 1 | U10: =SUMPRODUCT(($A$6:$A$11=$A10)*($C$6:$C$11=$C10)*($K$6:$K$11<K10))+1 -> 1 | V10: =SUMPRODUCT(($A$6:$A$11=$A10)*($C$6:$C$11=$C10)*($N$6:$N$11<N10))+1 -> 1 | W10: =SUMPRODUCT(($A$6:$A$11=$A10)*($C$6:$C$11=$C10)*($O$6:$O$11<O10))+1 -> 1 | X10: =SUMPRODUCT(($A$6:$A$11=$A10)*($C$6:$C$11=$C10)*($P$6:$P$11<P10))+1 -> 1 | Y10: =SUMPRODUCT(($A$6:$A$11=$A10)*($C$6:$C$11=$C10)*($R$6:$R$11<R10))+1 -> 1
A11: Example A - method 1 data | B11: M2 | C11: all | D11: >0 | E11: =COUNTIFS(Detail!$U$2:$U$105,$A11,Detail!$A$2:$A$105,$B11,Detail!$B$2:$B$105,$D11) -> 52 | F11: =SUMIFS(Detail!$M$2:$M$105,Detail!$U$2:$U$105,$A11,Detail!$A$2:$A$105,$B11,Detail!$B$2:$B$105,$D11) -> 229554.84 | G11: =SUMIFS(Detail!$N$2:$N$105,Detail!$U$2:$U$105,$A11,Detail!$A$2:$A$105,$B11,Detail!$B$2:$B$105,$D11) -> 42409 | H11: =F11-G11 -> 187145.84 | I11: =SUMIFS(Detail!$I$2:$I$105,Detail!$U$2:$U$105,$A11,Detail!$A$2:$A$105,$B11,Detail!$B$2:$B$105,$D11,Detail!$E$2:$E$105,1) -> 680251 | J11: =IF(I11>0,ABS(H11)/I11,"") -> 0.27511292 | K11: =SUMIFS(Detail!$V$2:$V$105,Detail!$U$2:$U$105,$A11,Detail!$A$2:$A$105,$B11,Detail!$B$2:$B$105,$D11) -> 187145.84 | L11: =K11/E11 -> 3598.9584 | M11: =SUMIFS(Detail!$W$2:$W$105,Detail!$U$2:$U$105,$A11,Detail!$A$2:$A$105,$B11,Detail!$B$2:$B$105,$D11) -> 3.9689239e+09 | N11: =SQRT(M11/E11) -> 8736.4443 | O11: =SUMIFS(Detail!$X$2:$X$105,Detail!$U$2:$U$105,$A11,Detail!$A$2:$A$105,$B11,Detail!$B$2:$B$105,$D11) -> 179075.38 | P11: =SUMIFS(Detail!$Y$2:$Y$105,Detail!$U$2:$U$105,$A11,Detail!$A$2:$A$105,$B11,Detail!$B$2:$B$105,$D11) -> 1.3655766e+09 | Q11: =IF(I11>0,K11/I11,"") -> 0.27511292 | R11: =SUMIFS(Detail!$Z$2:$Z$105,Detail!$U$2:$U$105,$A11,Detail!$A$2:$A$105,$B11,Detail!$B$2:$B$105,$D11,Detail!$J$2:$J$105,">0")/SUMIFS(Detail!$J$2:$J$105,Detail!$U$2:$U$105,$A11,Detail!$A$2:$A$105,$B11,Detail!$B$2:$B$105,$D11,Detail!$J$2:$J$105,">0") -> 0.10666098 | S11: =SQRT(SUMIFS(Detail!$AA$2:$AA$105,Detail!$U$2:$U$105,$A11,Detail!$A$2:$A$105,$B11,Detail!$B$2:$B$105,$D11,Detail!$J$2:$J$105,">0")/COUNTIFS(Detail!$U$2:$U$105,$A11,Detail!$A$2:$A$105,$B11,Detail!$B$2:$B$105,$D11,Detail!$J$2:$J$105,">0")) -> 0.090561494 | T11: =SUMPRODUCT(($A$6:$A$11=$A11)*($C$6:$C$11=$C11)*($J$6:$J$11<J11))+1 -> 1 | U11: =SUMPRODUCT(($A$6:$A$11=$A11)*($C$6:$C$11=$C11)*($K$6:$K$11<K11))+1 -> 1 | V11: =SUMPRODUCT(($A$6:$A$11=$A11)*($C$6:$C$11=$C11)*($N$6:$N$11<N11))+1 -> 1 | W11: =SUMPRODUCT(($A$6:$A$11=$A11)*($C$6:$C$11=$C11)*($O$6:$O$11<O11))+1 -> 1 | X11: =SUMPRODUCT(($A$6:$A$11=$A11)*($C$6:$C$11=$C11)*($P$6:$P$11<P11))+1 -> 1 | Y11: =SUMPRODUCT(($A$6:$A$11=$A11)*($C$6:$C$11=$C11)*($R$6:$R$11<R11))+1 -> 1
A14: best method (rank 1) per metric
A15: metric | B15: what it measures | C15: 2023 | D15: 2024 | E15: all
A16: |bias| / BE | B16: total over- or under-projection of payments, scaled by the reserve | C16: =IFERROR(INDEX($B$6:$B$11,MATCH(1,INDEX(($A$6:$A$11="Example A - method 1 data")*($C$6:$C$11=2023)*($T$6:$T$11=1),0),0)),"") -> M2 | D16: =IFERROR(INDEX($B$6:$B$11,MATCH(1,INDEX(($A$6:$A$11="Example A - method 1 data")*($C$6:$C$11=2024)*($T$6:$T$11=1),0),0)),"") -> M2 | E16: =IFERROR(INDEX($B$6:$B$11,MATCH(1,INDEX(($A$6:$A$11="Example A - method 1 data")*($C$6:$C$11="all")*($T$6:$T$11=1),0),0)),"") -> M2
A17: SAE | B17: sum of absolute differences per AY and year (money) | C17: =IFERROR(INDEX($B$6:$B$11,MATCH(1,INDEX(($A$6:$A$11="Example A - method 1 data")*($C$6:$C$11=2023)*($U$6:$U$11=1),0),0)),"") -> M2 | D17: =IFERROR(INDEX($B$6:$B$11,MATCH(1,INDEX(($A$6:$A$11="Example A - method 1 data")*($C$6:$C$11=2024)*($U$6:$U$11=1),0),0)),"") -> M2 | E17: =IFERROR(INDEX($B$6:$B$11,MATCH(1,INDEX(($A$6:$A$11="Example A - method 1 data")*($C$6:$C$11="all")*($U$6:$U$11=1),0),0)),"") -> M2
A18: RMSE | B18: root mean squared difference (money) - penalises big misses | C18: =IFERROR(INDEX($B$6:$B$11,MATCH(1,INDEX(($A$6:$A$11="Example A - method 1 data")*($C$6:$C$11=2023)*($V$6:$V$11=1),0),0)),"") -> M2 | D18: =IFERROR(INDEX($B$6:$B$11,MATCH(1,INDEX(($A$6:$A$11="Example A - method 1 data")*($C$6:$C$11=2024)*($V$6:$V$11=1),0),0)),"") -> M2 | E18: =IFERROR(INDEX($B$6:$B$11,MATCH(1,INDEX(($A$6:$A$11="Example A - method 1 data")*($C$6:$C$11="all")*($V$6:$V$11=1),0),0)),"") -> M2
A19: Pearson chi2 | B19: sum diff^2 / expected - classic actual vs expected test | C19: =IFERROR(INDEX($B$6:$B$11,MATCH(1,INDEX(($A$6:$A$11="Example A - method 1 data")*($C$6:$C$11=2023)*($W$6:$W$11=1),0),0)),"") -> M2 | D19: =IFERROR(INDEX($B$6:$B$11,MATCH(1,INDEX(($A$6:$A$11="Example A - method 1 data")*($C$6:$C$11=2024)*($W$6:$W$11=1),0),0)),"") -> M2 | E19: =IFERROR(INDEX($B$6:$B$11,MATCH(1,INDEX(($A$6:$A$11="Example A - method 1 data")*($C$6:$C$11="all")*($W$6:$W$11=1),0),0)),"") -> M2
A20: Huber | B20: squared for small, linear for big differences - robust to outliers | C20: =IFERROR(INDEX($B$6:$B$11,MATCH(1,INDEX(($A$6:$A$11="Example A - method 1 data")*($C$6:$C$11=2023)*($X$6:$X$11=1),0),0)),"") -> M2 | D20: =IFERROR(INDEX($B$6:$B$11,MATCH(1,INDEX(($A$6:$A$11="Example A - method 1 data")*($C$6:$C$11=2024)*($X$6:$X$11=1),0),0)),"") -> M2 | E20: =IFERROR(INDEX($B$6:$B$11,MATCH(1,INDEX(($A$6:$A$11="Example A - method 1 data")*($C$6:$C$11="all")*($X$6:$X$11=1),0),0)),"") -> M2
A21: cum. MAE % of U | B21: U-weighted mean |difference| in cumulative % of U (pattern basis) | C21: =IFERROR(INDEX($B$6:$B$11,MATCH(1,INDEX(($A$6:$A$11="Example A - method 1 data")*($C$6:$C$11=2023)*($Y$6:$Y$11=1),0),0)),"") -> M2 | D21: =IFERROR(INDEX($B$6:$B$11,MATCH(1,INDEX(($A$6:$A$11="Example A - method 1 data")*($C$6:$C$11=2024)*($Y$6:$Y$11=1),0),0)),"") -> M2 | E21: =IFERROR(INDEX($B$6:$B$11,MATCH(1,INDEX(($A$6:$A$11="Example A - method 1 data")*($C$6:$C$11="all")*($Y$6:$Y$11=1),0),0)),"") -> M2

Sheet Detail
A1: method | B1: valuation | C1: AY | D1: year | E1: years after valuation | F1: tenor at valuation | G1: tenor in year | H1: paid at valuation | I1: BE at valuation | J1: U at valuation | K1: pattern at valuation tenor | L1: pattern at tenor in year | M1: expected paid in year | N1: actual paid in year | O1: difference paid (exp - act) | P1: expected cum. paid | Q1: actual cum. paid | R1: expected cum. % of U | S1: actual cum. % of U | T1: difference % (exp - act) | U1: aggregate | V1: abs difference | W1: squared difference | X1: Pearson term (diff^2 / expected) | Y1: Huber loss | Z1: abs cum. difference | AA1: squared difference % (U > 0)
A2: M1 | B2: 2023 | C2: 2007 | D2: 2024 | E2: =D2-B2 -> 1 | F2: =B2-C2+1 -> 17 | G2: =D2-C2+1 -> 18 | H2: =INDEX(Data!$B$3:$T$21,MATCH(C2,Data!$A$3:$A$21,0),MATCH(B2,Data!$B$2:$T$2,0)) -> 1382 | I2: =INDEX(Data!$B$25:$T$43,MATCH(C2,Data!$A$3:$A$21,0),MATCH(B2,Data!$B$2:$T$2,0)) -> 0 | J2: =H2+I2 -> 1382 | K2: =INDEX('pattern input'!$B$2:$AO$5,MATCH(A2&"_"&B2,'pattern input'!$A$2:$A$5,0),F2) -> 0.99396181 | L2: =INDEX('pattern input'!$B$2:$AO$5,MATCH(A2&"_"&B2,'pattern input'!$A$2:$A$5,0),G2) -> 1 | M2: =IF(K2>=1,0,I2*(L2-INDEX('pattern input'!$B$2:$AO$5,MATCH(A2&"_"&B2,'pattern input'!$A$2:$A$5,0),G2-1))/(1-K2)) -> 0 | N2: =INDEX(Data!$B$3:$T$21,MATCH(C2,Data!$A$3:$A$21,0),MATCH(D2,Data!$B$2:$T$2,0))-INDEX(Data!$B$3:$T$21,MATCH(C2,Data!$A$3:$A$21,0),MATCH(D2-1,Data!$B$2:$T$2,0)) -> 0 | O2: =M2-N2 -> 0 | P2: =IF(K2>=1,H2+I2,H2+I2*(L2-K2)/(1-K2)) -> 1382 | Q2: =INDEX(Data!$B$3:$T$21,MATCH(C2,Data!$A$3:$A$21,0),MATCH(D2,Data!$B$2:$T$2,0)) -> 1382 | R2: =IF(J2>0,P2/J2,"") -> 1 | S2: =IF(J2>0,Q2/J2,"") -> 1 | T2: =IF(J2>0,R2-S2,"") -> 0 | U2: Example A - method 1 data | V2: =ABS(O2) -> 0 | W2: =O2^2 -> 0 | X2: =IF(M2>0,O2^2/M2,0) -> 0 | Y2: =IF(V2<=Metrics!$C$3,0.5*O2^2,Metrics!$C$3*(V2-0.5*Metrics!$C$3)) -> 0 | Z2: =ABS(P2-Q2) -> 0 | AA2: =IF(J2>0,T2^2,0) -> 0
A3: M1 | B3: 2023 | C3: 2007 | D3: 2025 | E3: =D3-B3 -> 2 | F3: =B3-C3+1 -> 17 | G3: =D3-C3+1 -> 19 | H3: =INDEX(Data!$B$3:$T$21,MATCH(C3,Data!$A$3:$A$21,0),MATCH(B3,Data!$B$2:$T$2,0)) -> 1382 | I3: =INDEX(Data!$B$25:$T$43,MATCH(C3,Data!$A$3:$A$21,0),MATCH(B3,Data!$B$2:$T$2,0)) -> 0 | J3: =H3+I3 -> 1382 | K3: =INDEX('pattern input'!$B$2:$AO$5,MATCH(A3&"_"&B3,'pattern input'!$A$2:$A$5,0),F3) -> 0.99396181 | L3: =INDEX('pattern input'!$B$2:$AO$5,MATCH(A3&"_"&B3,'pattern input'!$A$2:$A$5,0),G3) -> 1 | M3: =IF(K3>=1,0,I3*(L3-INDEX('pattern input'!$B$2:$AO$5,MATCH(A3&"_"&B3,'pattern input'!$A$2:$A$5,0),G3-1))/(1-K3)) -> 0 | N3: =INDEX(Data!$B$3:$T$21,MATCH(C3,Data!$A$3:$A$21,0),MATCH(D3,Data!$B$2:$T$2,0))-INDEX(Data!$B$3:$T$21,MATCH(C3,Data!$A$3:$A$21,0),MATCH(D3-1,Data!$B$2:$T$2,0)) -> 0 | O3: =M3-N3 -> 0 | P3: =IF(K3>=1,H3+I3,H3+I3*(L3-K3)/(1-K3)) -> 1382 | Q3: =INDEX(Data!$B$3:$T$21,MATCH(C3,Data!$A$3:$A$21,0),MATCH(D3,Data!$B$2:$T$2,0)) -> 1382 | R3: =IF(J3>0,P3/J3,"") -> 1 | S3: =IF(J3>0,Q3/J3,"") -> 1 | T3: =IF(J3>0,R3-S3,"") -> 0 | U3: Example A - method 1 data | V3: =ABS(O3) -> 0 | W3: =O3^2 -> 0 | X3: =IF(M3>0,O3^2/M3,0) -> 0 | Y3: =IF(V3<=Metrics!$C$3,0.5*O3^2,Metrics!$C$3*(V3-0.5*Metrics!$C$3)) -> 0 | Z3: =ABS(P3-Q3) -> 0 | AA3: =IF(J3>0,T3^2,0) -> 0
A4: M1 | B4: 2023 | C4: 2008 | D4: 2024 | E4: =D4-B4 -> 1 | F4: =B4-C4+1 -> 16 | G4: =D4-C4+1 -> 17 | H4: =INDEX(Data!$B$3:$T$21,MATCH(C4,Data!$A$3:$A$21,0),MATCH(B4,Data!$B$2:$T$2,0)) -> 9472 | I4: =INDEX(Data!$B$25:$T$43,MATCH(C4,Data!$A$3:$A$21,0),MATCH(B4,Data!$B$2:$T$2,0)) -> 3 | J4: =H4+I4 -> 9475 | K4: =INDEX('pattern input'!$B$2:$AO$5,MATCH(A4&"_"&B4,'pattern input'!$A$2:$A$5,0),F4) -> 0.98755745 | L4: =INDEX('pattern input'!$B$2:$AO$5,MATCH(A4&"_"&B4,'pattern input'!$A$2:$A$5,0),G4) -> 0.99396181 | M4: =IF(K4>=1,0,I4*(L4-INDEX('pattern input'!$B$2:$AO$5,MATCH(A4&"_"&B4,'pattern input'!$A$2:$A$5,0),G4-1))/(1-K4)) -> 1.5441431 | N4: =INDEX(Data!$B$3:$T$21,MATCH(C4,Data!$A$3:$A$21,0),MATCH(D4,Data!$B$2:$T$2,0))-INDEX(Data!$B$3:$T$21,MATCH(C4,Data!$A$3:$A$21,0),MATCH(D4-1,Data!$B$2:$T$2,0)) -> 0 | O4: =M4-N4 -> 1.5441431 | P4: =IF(K4>=1,H4+I4,H4+I4*(L4-K4)/(1-K4)) -> 9473.5441 | Q4: =INDEX(Data!$B$3:$T$21,MATCH(C4,Data!$A$3:$A$21,0),MATCH(D4,Data!$B$2:$T$2,0)) -> 9472 | R4: =IF(J4>0,P4/J4,"") -> 0.99984635 | S4: =IF(J4>0,Q4/J4,"") -> 0.99968338 | T4: =IF(J4>0,R4-S4,"") -> 0.00016297025 | U4: Example A - method 1 data | V4: =ABS(O4) -> 1.5441431 | W4: =O4^2 -> 2.384378 | X4: =IF(M4>0,O4^2/M4,0) -> 1.5441431 | Y4: =IF(V4<=Metrics!$C$3,0.5*O4^2,Metrics!$C$3*(V4-0.5*Metrics!$C$3)) -> 1.192189 | Z4: =ABS(P4-Q4) -> 1.5441431 | AA4: =IF(J4>0,T4^2,0) -> 2.6559303e-08
A5: M1 | B5: 2023 | C5: 2008 | D5: 2025 | E5: =D5-B5 -> 2 | F5: =B5-C5+1 -> 16 | G5: =D5-C5+1 -> 18 | H5: =INDEX(Data!$B$3:$T$21,MATCH(C5,Data!$A$3:$A$21,0),MATCH(B5,Data!$B$2:$T$2,0)) -> 9472 | I5: =INDEX(Data!$B$25:$T$43,MATCH(C5,Data!$A$3:$A$21,0),MATCH(B5,Data!$B$2:$T$2,0)) -> 3 | J5: =H5+I5 -> 9475 | K5: =INDEX('pattern input'!$B$2:$AO$5,MATCH(A5&"_"&B5,'pattern input'!$A$2:$A$5,0),F5) -> 0.98755745 | L5: =INDEX('pattern input'!$B$2:$AO$5,MATCH(A5&"_"&B5,'pattern input'!$A$2:$A$5,0),G5) -> 1 | M5: =IF(K5>=1,0,I5*(L5-INDEX('pattern input'!$B$2:$AO$5,MATCH(A5&"_"&B5,'pattern input'!$A$2:$A$5,0),G5-1))/(1-K5)) -> 1.4558569 | N5: =INDEX(Data!$B$3:$T$21,MATCH(C5,Data!$A$3:$A$21,0),MATCH(D5,Data!$B$2:$T$2,0))-INDEX(Data!$B$3:$T$21,MATCH(C5,Data!$A$3:$A$21,0),MATCH(D5-1,Data!$B$2:$T$2,0)) -> 0 | O5: =M5-N5 -> 1.4558569 | P5: =IF(K5>=1,H5+I5,H5+I5*(L5-K5)/(1-K5)) -> 9475 | Q5: =INDEX(Data!$B$3:$T$21,MATCH(C5,Data!$A$3:$A$21,0),MATCH(D5,Data!$B$2:$T$2,0)) -> 9472 | R5: =IF(J5>0,P5/J5,"") -> 1 | S5: =IF(J5>0,Q5/J5,"") -> 0.99968338 | T5: =IF(J5>0,R5-S5,"") -> 0.00031662269 | U5: Example A - method 1 data | V5: =ABS(O5) -> 1.4558569 | W5: =O5^2 -> 2.1195192 | X5: =IF(M5>0,O5^2/M5,0) -> 1.4558569 | Y5: =IF(V5<=Metrics!$C$3,0.5*O5^2,Metrics!$C$3*(V5-0.5*Metrics!$C$3)) -> 1.0597596 | Z5: =ABS(P5-Q5) -> 3 | AA5: =IF(J5>0,T5^2,0) -> 1.0024993e-07
A6: M1 | B6: 2023 | C6: 2009 | D6: 2024 | E6: =D6-B6 -> 1 | F6: =B6-C6+1 -> 15 | G6: =D6-C6+1 -> 16 | H6: =INDEX(Data!$B$3:$T$21,MATCH(C6,Data!$A$3:$A$21,0),MATCH(B6,Data!$B$2:$T$2,0)) -> 8788 | I6: =INDEX(Data!$B$25:$T$43,MATCH(C6,Data!$A$3:$A$21,0),MATCH(B6,Data!$B$2:$T$2,0)) -> 0 | J6: =H6+I6 -> 8788 | K6: =INDEX('pattern input'!$B$2:$AO$5,MATCH(A6&"_"&B6,'pattern input'!$A$2:$A$5,0),F6) -> 0.98073963 | L6: =INDEX('pattern input'!$B$2:$AO$5,MATCH(A6&"_"&B6,'pattern input'!$A$2:$A$5,0),G6) -> 0.98755745 | M6: =IF(K6>=1,0,I6*(L6-INDEX('pattern input'!$B$2:$AO$5,MATCH(A6&"_"&B6,'pattern input'!$A$2:$A$5,0),G6-1))/(1-K6)) -> 0 | N6: =INDEX(Data!$B$3:$T$21,MATCH(C6,Data!$A$3:$A$21,0),MATCH(D6,Data!$B$2:$T$2,0))-INDEX(Data!$B$3:$T$21,MATCH(C6,Data!$A$3:$A$21,0),MATCH(D6-1,Data!$B$2:$T$2,0)) -> 0 | O6: =M6-N6 -> 0 | P6: =IF(K6>=1,H6+I6,H6+I6*(L6-K6)/(1-K6)) -> 8788 | Q6: =INDEX(Data!$B$3:$T$21,MATCH(C6,Data!$A$3:$A$21,0),MATCH(D6,Data!$B$2:$T$2,0)) -> 8788 | R6: =IF(J6>0,P6/J6,"") -> 1 | S6: =IF(J6>0,Q6/J6,"") -> 1 | T6: =IF(J6>0,R6-S6,"") -> 0 | U6: Example A - method 1 data | V6: =ABS(O6) -> 0 | W6: =O6^2 -> 0 | X6: =IF(M6>0,O6^2/M6,0) -> 0 | Y6: =IF(V6<=Metrics!$C$3,0.5*O6^2,Metrics!$C$3*(V6-0.5*Metrics!$C$3)) -> 0 | Z6: =ABS(P6-Q6) -> 0 | AA6: =IF(J6>0,T6^2,0) -> 0
A7: M1 | B7: 2023 | C7: 2009 | D7: 2025 | E7: =D7-B7 -> 2 | F7: =B7-C7+1 -> 15 | G7: =D7-C7+1 -> 17 | H7: =INDEX(Data!$B$3:$T$21,MATCH(C7,Data!$A$3:$A$21,0),MATCH(B7,Data!$B$2:$T$2,0)) -> 8788 | I7: =INDEX(Data!$B$25:$T$43,MATCH(C7,Data!$A$3:$A$21,0),MATCH(B7,Data!$B$2:$T$2,0)) -> 0 | J7: =H7+I7 -> 8788 | K7: =INDEX('pattern input'!$B$2:$AO$5,MATCH(A7&"_"&B7,'pattern input'!$A$2:$A$5,0),F7) -> 0.98073963 | L7: =INDEX('pattern input'!$B$2:$AO$5,MATCH(A7&"_"&B7,'pattern input'!$A$2:$A$5,0),G7) -> 0.99396181 | M7: =IF(K7>=1,0,I7*(L7-INDEX('pattern input'!$B$2:$AO$5,MATCH(A7&"_"&B7,'pattern input'!$A$2:$A$5,0),G7-1))/(1-K7)) -> 0 | N7: =INDEX(Data!$B$3:$T$21,MATCH(C7,Data!$A$3:$A$21,0),MATCH(D7,Data!$B$2:$T$2,0))-INDEX(Data!$B$3:$T$21,MATCH(C7,Data!$A$3:$A$21,0),MATCH(D7-1,Data!$B$2:$T$2,0)) -> 0 | O7: =M7-N7 -> 0 | P7: =IF(K7>=1,H7+I7,H7+I7*(L7-K7)/(1-K7)) -> 8788 | Q7: =INDEX(Data!$B$3:$T$21,MATCH(C7,Data!$A$3:$A$21,0),MATCH(D7,Data!$B$2:$T$2,0)) -> 8788 | R7: =IF(J7>0,P7/J7,"") -> 1 | S7: =IF(J7>0,Q7/J7,"") -> 1 | T7: =IF(J7>0,R7-S7,"") -> 0 | U7: Example A - method 1 data | V7: =ABS(O7) -> 0 | W7: =O7^2 -> 0 | X7: =IF(M7>0,O7^2/M7,0) -> 0 | Y7: =IF(V7<=Metrics!$C$3,0.5*O7^2,Metrics!$C$3*(V7-0.5*Metrics!$C$3)) -> 0 | Z7: =ABS(P7-Q7) -> 0 | AA7: =IF(J7>0,T7^2,0) -> 0
A8: M1 | B8: 2023 | C8: 2010 | D8: 2024 | E8: =D8-B8 -> 1 | F8: =B8-C8+1 -> 14 | G8: =D8-C8+1 -> 15 | H8: =INDEX(Data!$B$3:$T$21,MATCH(C8,Data!$A$3:$A$21,0),MATCH(B8,Data!$B$2:$T$2,0)) -> 8854 | I8: =INDEX(Data!$B$25:$T$43,MATCH(C8,Data!$A$3:$A$21,0),MATCH(B8,Data!$B$2:$T$2,0)) -> 0 | J8: =H8+I8 -> 8854 | K8: =INDEX('pattern input'!$B$2:$AO$5,MATCH(A8&"_"&B8,'pattern input'!$A$2:$A$5,0),F8) -> 0.97345126 | L8: =INDEX('pattern input'!$B$2:$AO$5,MATCH(A8&"_"&B8,'pattern input'!$A$2:$A$5,0),G8) -> 0.98073963 | M8: =IF(K8>=1,0,I8*(L8-INDEX('pattern input'!$B$2:$AO$5,MATCH(A8&"_"&B8,'pattern input'!$A$2:$A$5,0),G8-1))/(1-K8)) -> 0 | N8: =INDEX(Data!$B$3:$T$21,MATCH(C8,Data!$A$3:$A$21,0),MATCH(D8,Data!$B$2:$T$2,0))-INDEX(Data!$B$3:$T$21,MATCH(C8,Data!$A$3:$A$21,0),MATCH(D8-1,Data!$B$2:$T$2,0)) -> 0 | O8: =M8-N8 -> 0 | P8: =IF(K8>=1,H8+I8,H8+I8*(L8-K8)/(1-K8)) -> 8854 | Q8: =INDEX(Data!$B$3:$T$21,MATCH(C8,Data!$A$3:$A$21,0),MATCH(D8,Data!$B$2:$T$2,0)) -> 8854 | R8: =IF(J8>0,P8/J8,"") -> 1 | S8: =IF(J8>0,Q8/J8,"") -> 1 | T8: =IF(J8>0,R8-S8,"") -> 0 | U8: Example A - method 1 data | V8: =ABS(O8) -> 0 | W8: =O8^2 -> 0 | X8: =IF(M8>0,O8^2/M8,0) -> 0 | Y8: =IF(V8<=Metrics!$C$3,0.5*O8^2,Metrics!$C$3*(V8-0.5*Metrics!$C$3)) -> 0 | Z8: =ABS(P8-Q8) -> 0 | AA8: =IF(J8>0,T8^2,0) -> 0
A9: M1 | B9: 2023 | C9: 2010 | D9: 2025 | E9: =D9-B9 -> 2 | F9: =B9-C9+1 -> 14 | G9: =D9-C9+1 -> 16 | H9: =INDEX(Data!$B$3:$T$21,MATCH(C9,Data!$A$3:$A$21,0),MATCH(B9,Data!$B$2:$T$2,0)) -> 8854 | I9: =INDEX(Data!$B$25:$T$43,MATCH(C9,Data!$A$3:$A$21,0),MATCH(B9,Data!$B$2:$T$2,0)) -> 0 | J9: =H9+I9 -> 8854 | K9: =INDEX('pattern input'!$B$2:$AO$5,MATCH(A9&"_"&B9,'pattern input'!$A$2:$A$5,0),F9) -> 0.97345126 | L9: =INDEX('pattern input'!$B$2:$AO$5,MATCH(A9&"_"&B9,'pattern input'!$A$2:$A$5,0),G9) -> 0.98755745 | M9: =IF(K9>=1,0,I9*(L9-INDEX('pattern input'!$B$2:$AO$5,MATCH(A9&"_"&B9,'pattern input'!$A$2:$A$5,0),G9-1))/(1-K9)) -> 0 | N9: =INDEX(Data!$B$3:$T$21,MATCH(C9,Data!$A$3:$A$21,0),MATCH(D9,Data!$B$2:$T$2,0))-INDEX(Data!$B$3:$T$21,MATCH(C9,Data!$A$3:$A$21,0),MATCH(D9-1,Data!$B$2:$T$2,0)) -> 0 | O9: =M9-N9 -> 0 | P9: =IF(K9>=1,H9+I9,H9+I9*(L9-K9)/(1-K9)) -> 8854 | Q9: =INDEX(Data!$B$3:$T$21,MATCH(C9,Data!$A$3:$A$21,0),MATCH(D9,Data!$B$2:$T$2,0)) -> 8854 | R9: =IF(J9>0,P9/J9,"") -> 1 | S9: =IF(J9>0,Q9/J9,"") -> 1 | T9: =IF(J9>0,R9-S9,"") -> 0 | U9: Example A - method 1 data | V9: =ABS(O9) -> 0 | W9: =O9^2 -> 0 | X9: =IF(M9>0,O9^2/M9,0) -> 0 | Y9: =IF(V9<=Metrics!$C$3,0.5*O9^2,Metrics!$C$3*(V9-0.5*Metrics!$C$3)) -> 0 | Z9: =ABS(P9-Q9) -> 0 | AA9: =IF(J9>0,T9^2,0) -> 0
A10: M1 | B10: 2023 | C10: 2011 | D10: 2024 | E10: =D10-B10 -> 1 | F10: =B10-C10+1 -> 13 | G10: =D10-C10+1 -> 14 | H10: =INDEX(Data!$B$3:$T$21,MATCH(C10,Data!$A$3:$A$21,0),MATCH(B10,Data!$B$2:$T$2,0)) -> 26889 | I10: =INDEX(Data!$B$25:$T$43,MATCH(C10,Data!$A$3:$A$21,0),MATCH(B10,Data!$B$2:$T$2,0)) -> 0 | J10: =H10+I10 -> 26889 | K10: =INDEX('pattern input'!$B$2:$AO$5,MATCH(A10&"_"&B10,'pattern input'!$A$2:$A$5,0),F10) -> 0.96562252 | L10: =INDEX('pattern input'!$B$2:$AO$5,MATCH(A10&"_"&B10,'pattern input'!$A$2:$A$5,0),G10) -> 0.97345126 | M10: =IF(K10>=1,0,I10*(L10-INDEX('pattern input'!$B$2:$AO$5,MATCH(A10&"_"&B10,'pattern input'!$A$2:$A$5,0),G10-1))/(1-K10)) -> 0 | N10: =INDEX(Data!$B$3:$T$21,MATCH(C10,Data!$A$3:$A$21,0),MATCH(D10,Data!$B$2:$T$2,0))-INDEX(Data!$B$3:$T$21,MATCH(C10,Data!$A$3:$A$21,0),MATCH(D10-1,Data!$B$2:$T$2,0)) -> 0 | O10: =M10-N10 -> 0 | P10: =IF(K10>=1,H10+I10,H10+I10*(L10-K10)/(1-K10)) -> 26889 | Q10: =INDEX(Data!$B$3:$T$21,MATCH(C10,Data!$A$3:$A$21,0),MATCH(D10,Data!$B$2:$T$2,0)) -> 26889 | R10: =IF(J10>0,P10/J10,"") -> 1 | S10: =IF(J10>0,Q10/J10,"") -> 1 | T10: =IF(J10>0,R10-S10,"") -> 0 | U10: Example A - method 1 data | V10: =ABS(O10) -> 0 | W10: =O10^2 -> 0 | X10: =IF(M10>0,O10^2/M10,0) -> 0 | Y10: =IF(V10<=Metrics!$C$3,0.5*O10^2,Metrics!$C$3*(V10-0.5*Metrics!$C$3)) -> 0 | Z10: =ABS(P10-Q10) -> 0 | AA10: =IF(J10>0,T10^2,0) -> 0
A11: M1 | B11: 2023 | C11: 2011 | D11: 2025 | E11: =D11-B11 -> 2 | F11: =B11-C11+1 -> 13 | G11: =D11-C11+1 -> 15 | H11: =INDEX(Data!$B$3:$T$21,MATCH(C11,Data!$A$3:$A$21,0),MATCH(B11,Data!$B$2:$T$2,0)) -> 26889 | I11: =INDEX(Data!$B$25:$T$43,MATCH(C11,Data!$A$3:$A$21,0),MATCH(B11,Data!$B$2:$T$2,0)) -> 0 | J11: =H11+I11 -> 26889 | K11: =INDEX('pattern input'!$B$2:$AO$5,MATCH(A11&"_"&B11,'pattern input'!$A$2:$A$5,0),F11) -> 0.96562252 | L11: =INDEX('pattern input'!$B$2:$AO$5,MATCH(A11&"_"&B11,'pattern input'!$A$2:$A$5,0),G11) -> 0.98073963 | M11: =IF(K11>=1,0,I11*(L11-INDEX('pattern input'!$B$2:$AO$5,MATCH(A11&"_"&B11,'pattern input'!$A$2:$A$5,0),G11-1))/(1-K11)) -> 0 | N11: =INDEX(Data!$B$3:$T$21,MATCH(C11,Data!$A$3:$A$21,0),MATCH(D11,Data!$B$2:$T$2,0))-INDEX(Data!$B$3:$T$21,MATCH(C11,Data!$A$3:$A$21,0),MATCH(D11-1,Data!$B$2:$T$2,0)) -> 0 | O11: =M11-N11 -> 0 | P11: =IF(K11>=1,H11+I11,H11+I11*(L11-K11)/(1-K11)) -> 26889 | Q11: =INDEX(Data!$B$3:$T$21,MATCH(C11,Data!$A$3:$A$21,0),MATCH(D11,Data!$B$2:$T$2,0)) -> 26889 | R11: =IF(J11>0,P11/J11,"") -> 1 | S11: =IF(J11>0,Q11/J11,"") -> 1 | T11: =IF(J11>0,R11-S11,"") -> 0 | U11: Example A - method 1 data | V11: =ABS(O11) -> 0 | W11: =O11^2 -> 0 | X11: =IF(M11>0,O11^2/M11,0) -> 0 | Y11: =IF(V11<=Metrics!$C$3,0.5*O11^2,Metrics!$C$3*(V11-0.5*Metrics!$C$3)) -> 0 | Z11: =ABS(P11-Q11) -> 0 | AA11: =IF(J11>0,T11^2,0) -> 0
A12: M1 | B12: 2023 | C12: 2012 | D12: 2024 | E12: =D12-B12 -> 1 | F12: =B12-C12+1 -> 12 | G12: =D12-C12+1 -> 13 | H12: =INDEX(Data!$B$3:$T$21,MATCH(C12,Data!$A$3:$A$21,0),MATCH(B12,Data!$B$2:$T$2,0)) -> 36764 | I12: =INDEX(Data!$B$25:$T$43,MATCH(C12,Data!$A$3:$A$21,0),MATCH(B12,Data!$B$2:$T$2,0)) -> 0 | J12: =H12+I12 -> 36764 | K12: =INDEX('pattern input'!$B$2:$AO$5,MATCH(A12&"_"&B12,'pattern input'!$A$2:$A$5,0),F12) -> 0.95716685 | L12: =INDEX('pattern input'!$B$2:$AO$5,MATCH(A12&"_"&B12,'pattern input'!$A$2:$A$5,0),G12) -> 0.96562252 | M12: =IF(K12>=1,0,I12*(L12-INDEX('pattern input'!$B$2:$AO$5,MATCH(A12&"_"&B12,'pattern input'!$A$2:$A$5,0),G12-1))/(1-K12)) -> 0 | N12: =INDEX(Data!$B$3:$T$21,MATCH(C12,Data!$A$3:$A$21,0),MATCH(D12,Data!$B$2:$T$2,0))-INDEX(Data!$B$3:$T$21,MATCH(C12,Data!$A$3:$A$21,0),MATCH(D12-1,Data!$B$2:$T$2,0)) -> 0 | O12: =M12-N12 -> 0 | P12: =IF(K12>=1,H12+I12,H12+I12*(L12-K12)/(1-K12)) -> 36764 | Q12: =INDEX(Data!$B$3:$T$21,MATCH(C12,Data!$A$3:$A$21,0),MATCH(D12,Data!$B$2:$T$2,0)) -> 36764 | R12: =IF(J12>0,P12/J12,"") -> 1 | S12: =IF(J12>0,Q12/J12,"") -> 1 | T12: =IF(J12>0,R12-S12,"") -> 0 | U12: Example A - method 1 data | V12: =ABS(O12) -> 0 | W12: =O12^2 -> 0 | X12: =IF(M12>0,O12^2/M12,0) -> 0 | Y12: =IF(V12<=Metrics!$C$3,0.5*O12^2,Metrics!$C$3*(V12-0.5*Metrics!$C$3)) -> 0 | Z12: =ABS(P12-Q12) -> 0 | AA12: =IF(J12>0,T12^2,0) -> 0
A13: M1 | B13: 2023 | C13: 2012 | D13: 2025 | E13: =D13-B13 -> 2 | F13: =B13-C13+1 -> 12 | G13: =D13-C13+1 -> 14 | H13: =INDEX(Data!$B$3:$T$21,MATCH(C13,Data!$A$3:$A$21,0),MATCH(B13,Data!$B$2:$T$2,0)) -> 36764 | I13: =INDEX(Data!$B$25:$T$43,MATCH(C13,Data!$A$3:$A$21,0),MATCH(B13,Data!$B$2:$T$2,0)) -> 0 | J13: =H13+I13 -> 36764 | K13: =INDEX('pattern input'!$B$2:$AO$5,MATCH(A13&"_"&B13,'pattern input'!$A$2:$A$5,0),F13) -> 0.95716685 | L13: =INDEX('pattern input'!$B$2:$AO$5,MATCH(A13&"_"&B13,'pattern input'!$A$2:$A$5,0),G13) -> 0.97345126 | M13: =IF(K13>=1,0,I13*(L13-INDEX('pattern input'!$B$2:$AO$5,MATCH(A13&"_"&B13,'pattern input'!$A$2:$A$5,0),G13-1))/(1-K13)) -> 0 | N13: =INDEX(Data!$B$3:$T$21,MATCH(C13,Data!$A$3:$A$21,0),MATCH(D13,Data!$B$2:$T$2,0))-INDEX(Data!$B$3:$T$21,MATCH(C13,Data!$A$3:$A$21,0),MATCH(D13-1,Data!$B$2:$T$2,0)) -> 0 | O13: =M13-N13 -> 0 | P13: =IF(K13>=1,H13+I13,H13+I13*(L13-K13)/(1-K13)) -> 36764 | Q13: =INDEX(Data!$B$3:$T$21,MATCH(C13,Data!$A$3:$A$21,0),MATCH(D13,Data!$B$2:$T$2,0)) -> 36764 | R13: =IF(J13>0,P13/J13,"") -> 1 | S13: =IF(J13>0,Q13/J13,"") -> 1 | T13: =IF(J13>0,R13-S13,"") -> 0 | U13: Example A - method 1 data | V13: =ABS(O13) -> 0 | W13: =O13^2 -> 0 | X13: =IF(M13>0,O13^2/M13,0) -> 0 | Y13: =IF(V13<=Metrics!$C$3,0.5*O13^2,Metrics!$C$3*(V13-0.5*Metrics!$C$3)) -> 0 | Z13: =ABS(P13-Q13) -> 0 | AA13: =IF(J13>0,T13^2,0) -> 0
... A105: M2 | B105: 2024 | C105: 2024 | D105: 2025 | E105: =D105-B105 -> 1 | F105: =B105-C105+1 -> 1 | G105: =D105-C105+1 -> 2 | H105: =INDEX(Data!$B$3:$T$21,MATCH(C105,Data!$A$3:$A$21,0),MATCH(B105,Data!$B$2:$T$2,0)) -> 5905 | I105: =INDEX(Data!$B$25:$T$43,MATCH(C105,Data!$A$3:$A$21,0),MATCH(B105,Data!$B$2:$T$2,0)) -> 1786 | J105: =H105+I105 -> 7691 | K105: =INDEX('pattern input'!$B$2:$AO$5,MATCH(A105&"_"&B105,'pattern input'!$A$2:$A$5,0),F105) -> 0.1 | L105: =INDEX('pattern input'!$B$2:$AO$5,MATCH(A105&"_"&B105,'pattern input'!$A$2:$A$5,0),G105) -> 0.38497852 | M105: =IF(K105>=1,0,I105*(L105-INDEX('pattern input'!$B$2:$AO$5,MATCH(A105&"_"&B105,'pattern input'!$A$2:$A$5,0),G105-1))/(1-K105)) -> 565.52405 | N105: =INDEX(Data!$B$3:$T$21,MATCH(C105,Data!$A$3:$A$21,0),MATCH(D105,Data!$B$2:$T$2,0))-INDEX(Data!$B$3:$T$21,MATCH(C105,Data!$A$3:$A$21,0),MATCH(D105-1,Data!$B$2:$T$2,0)) -> 1 | O105: =M105-N105 -> 564.52405 | P105: =IF(K105>=1,H105+I105,H105+I105*(L105-K105)/(1-K105)) -> 6470.524 | Q105: =INDEX(Data!$B$3:$T$21,MATCH(C105,Data!$A$3:$A$21,0),MATCH(D105,Data!$B$2:$T$2,0)) -> 5906 | R105: =IF(J105>0,P105/J105,"") -> 0.84131115 | S105: =IF(J105>0,Q105/J105,"") -> 0.76791054 | T105: =IF(J105>0,R105-S105,"") -> 0.073400604 | U105: Example A - method 1 data | V105: =ABS(O105) -> 564.52405 | W105: =O105^2 -> 318687.4 | X105: =IF(M105>0,O105^2/M105,0) -> 563.52582 | Y105: =IF(V105<=Metrics!$C$3,0.5*O105^2,Metrics!$C$3*(V105-0.5*Metrics!$C$3)) -> 159343.7 | Z105: =ABS(P105-Q105) -> 564.52405 | AA105: =IF(J105>0,T105^2,0) -> 0.0053876487

Sheet check
A1: sheet | B1: max |formula - python| | C1: cells that differ in text
A2: Patterns | B2: =MAX(MAX(A7:V11),-MIN(A7:V11)) -> 0 | C2: =COUNTIF(A7:V11,"TEXT DIFF") -> 0
A3: Backtest by tenor | B3: =MAX(MAX(A15:V29),-MIN(A15:V29)) -> 0 | C3: =COUNTIF(A15:V29,"TEXT DIFF") -> 0
A4: Backtest by period | B4: =MAX(MAX(A33:F47),-MIN(A33:F47)) -> 0 | C4: =COUNTIF(A33:F47,"TEXT DIFF") -> 0
A6: Patterns: formula - python, cell by cell
A7: =IF(AND(ISNUMBER(Patterns!A1),ISNUMBER('python Patterns'!A1)),Patterns!A1-'python Patterns'!A1,IF(Patterns!A1&""='python Patterns'!A1&"","","TEXT DIFF")) | B7: =IF(AND(ISNUMBER(Patterns!B1),ISNUMBER('python Patterns'!B1)),Patterns!B1-'python Patterns'!B1,IF(Patterns!B1&""='python Patterns'!B1&"","","TEXT DIFF")) | C7: =IF(AND(ISNUMBER(Patterns!C1),ISNUMBER('python Patterns'!C1)),Patterns!C1-'python Patterns'!C1,IF(Patterns!C1&""='python Patterns'!C1&"","","TEXT DIFF")) | D7: =IF(AND(ISNUMBER(Patterns!D1),ISNUMBER('python Patterns'!D1)),Patterns!D1-'python Patterns'!D1,IF(Patterns!D1&""='python Patterns'!D1&"","","TEXT DIFF")) -> 0 | E7: =IF(AND(ISNUMBER(Patterns!E1),ISNUMBER('python Patterns'!E1)),Patterns!E1-'python Patterns'!E1,IF(Patterns!E1&""='python Patterns'!E1&"","","TEXT DIFF")) -> 0 | F7: =IF(AND(ISNUMBER(Patterns!F1),ISNUMBER('python Patterns'!F1)),Patterns!F1-'python Patterns'!F1,IF(Patterns!F1&""='python Patterns'!F1&"","","TEXT DIFF")) -> 0 | G7: =IF(AND(ISNUMBER(Patterns!G1),ISNUMBER('python Patterns'!G1)),Patterns!G1-'python Patterns'!G1,IF(Patterns!G1&""='python Patterns'!G1&"","","TEXT DIFF")) -> 0 | H7: =IF(AND(ISNUMBER(Patterns!H1),ISNUMBER('python Patterns'!H1)),Patterns!H1-'python Patterns'!H1,IF(Patterns!H1&""='python Patterns'!H1&"","","TEXT DIFF")) -> 0 | ... V7: =IF(AND(ISNUMBER(Patterns!V1),ISNUMBER('python Patterns'!V1)),Patterns!V1-'python Patterns'!V1,IF(Patterns!V1&""='python Patterns'!V1&"","","TEXT DIFF")) -> 0
A8: =IF(AND(ISNUMBER(Patterns!A2),ISNUMBER('python Patterns'!A2)),Patterns!A2-'python Patterns'!A2,IF(Patterns!A2&""='python Patterns'!A2&"","","TEXT DIFF")) | B8: =IF(AND(ISNUMBER(Patterns!B2),ISNUMBER('python Patterns'!B2)),Patterns!B2-'python Patterns'!B2,IF(Patterns!B2&""='python Patterns'!B2&"","","TEXT DIFF")) | C8: =IF(AND(ISNUMBER(Patterns!C2),ISNUMBER('python Patterns'!C2)),Patterns!C2-'python Patterns'!C2,IF(Patterns!C2&""='python Patterns'!C2&"","","TEXT DIFF")) | D8: =IF(AND(ISNUMBER(Patterns!D2),ISNUMBER('python Patterns'!D2)),Patterns!D2-'python Patterns'!D2,IF(Patterns!D2&""='python Patterns'!D2&"","","TEXT DIFF")) -> 0 | E8: =IF(AND(ISNUMBER(Patterns!E2),ISNUMBER('python Patterns'!E2)),Patterns!E2-'python Patterns'!E2,IF(Patterns!E2&""='python Patterns'!E2&"","","TEXT DIFF")) -> 0 | F8: =IF(AND(ISNUMBER(Patterns!F2),ISNUMBER('python Patterns'!F2)),Patterns!F2-'python Patterns'!F2,IF(Patterns!F2&""='python Patterns'!F2&"","","TEXT DIFF")) -> 0 | G8: =IF(AND(ISNUMBER(Patterns!G2),ISNUMBER('python Patterns'!G2)),Patterns!G2-'python Patterns'!G2,IF(Patterns!G2&""='python Patterns'!G2&"","","TEXT DIFF")) -> 0 | H8: =IF(AND(ISNUMBER(Patterns!H2),ISNUMBER('python Patterns'!H2)),Patterns!H2-'python Patterns'!H2,IF(Patterns!H2&""='python Patterns'!H2&"","","TEXT DIFF")) -> 0 | ... V8: =IF(AND(ISNUMBER(Patterns!V2),ISNUMBER('python Patterns'!V2)),Patterns!V2-'python Patterns'!V2,IF(Patterns!V2&""='python Patterns'!V2&"","","TEXT DIFF"))
A9: =IF(AND(ISNUMBER(Patterns!A3),ISNUMBER('python Patterns'!A3)),Patterns!A3-'python Patterns'!A3,IF(Patterns!A3&""='python Patterns'!A3&"","","TEXT DIFF")) | B9: =IF(AND(ISNUMBER(Patterns!B3),ISNUMBER('python Patterns'!B3)),Patterns!B3-'python Patterns'!B3,IF(Patterns!B3&""='python Patterns'!B3&"","","TEXT DIFF")) | C9: =IF(AND(ISNUMBER(Patterns!C3),ISNUMBER('python Patterns'!C3)),Patterns!C3-'python Patterns'!C3,IF(Patterns!C3&""='python Patterns'!C3&"","","TEXT DIFF")) | D9: =IF(AND(ISNUMBER(Patterns!D3),ISNUMBER('python Patterns'!D3)),Patterns!D3-'python Patterns'!D3,IF(Patterns!D3&""='python Patterns'!D3&"","","TEXT DIFF")) -> 0 | E9: =IF(AND(ISNUMBER(Patterns!E3),ISNUMBER('python Patterns'!E3)),Patterns!E3-'python Patterns'!E3,IF(Patterns!E3&""='python Patterns'!E3&"","","TEXT DIFF")) -> 0 | F9: =IF(AND(ISNUMBER(Patterns!F3),ISNUMBER('python Patterns'!F3)),Patterns!F3-'python Patterns'!F3,IF(Patterns!F3&""='python Patterns'!F3&"","","TEXT DIFF")) -> 0 | G9: =IF(AND(ISNUMBER(Patterns!G3),ISNUMBER('python Patterns'!G3)),Patterns!G3-'python Patterns'!G3,IF(Patterns!G3&""='python Patterns'!G3&"","","TEXT DIFF")) -> 0 | H9: =IF(AND(ISNUMBER(Patterns!H3),ISNUMBER('python Patterns'!H3)),Patterns!H3-'python Patterns'!H3,IF(Patterns!H3&""='python Patterns'!H3&"","","TEXT DIFF")) -> 0 | ... V9: =IF(AND(ISNUMBER(Patterns!V3),ISNUMBER('python Patterns'!V3)),Patterns!V3-'python Patterns'!V3,IF(Patterns!V3&""='python Patterns'!V3&"","","TEXT DIFF"))
A10: =IF(AND(ISNUMBER(Patterns!A4),ISNUMBER('python Patterns'!A4)),Patterns!A4-'python Patterns'!A4,IF(Patterns!A4&""='python Patterns'!A4&"","","TEXT DIFF")) | B10: =IF(AND(ISNUMBER(Patterns!B4),ISNUMBER('python Patterns'!B4)),Patterns!B4-'python Patterns'!B4,IF(Patterns!B4&""='python Patterns'!B4&"","","TEXT DIFF")) | C10: =IF(AND(ISNUMBER(Patterns!C4),ISNUMBER('python Patterns'!C4)),Patterns!C4-'python Patterns'!C4,IF(Patterns!C4&""='python Patterns'!C4&"","","TEXT DIFF")) | D10: =IF(AND(ISNUMBER(Patterns!D4),ISNUMBER('python Patterns'!D4)),Patterns!D4-'python Patterns'!D4,IF(Patterns!D4&""='python Patterns'!D4&"","","TEXT DIFF")) -> 0 | E10: =IF(AND(ISNUMBER(Patterns!E4),ISNUMBER('python Patterns'!E4)),Patterns!E4-'python Patterns'!E4,IF(Patterns!E4&""='python Patterns'!E4&"","","TEXT DIFF")) -> 0 | F10: =IF(AND(ISNUMBER(Patterns!F4),ISNUMBER('python Patterns'!F4)),Patterns!F4-'python Patterns'!F4,IF(Patterns!F4&""='python Patterns'!F4&"","","TEXT DIFF")) -> 0 | G10: =IF(AND(ISNUMBER(Patterns!G4),ISNUMBER('python Patterns'!G4)),Patterns!G4-'python Patterns'!G4,IF(Patterns!G4&""='python Patterns'!G4&"","","TEXT DIFF")) -> 0 | H10: =IF(AND(ISNUMBER(Patterns!H4),ISNUMBER('python Patterns'!H4)),Patterns!H4-'python Patterns'!H4,IF(Patterns!H4&""='python Patterns'!H4&"","","TEXT DIFF")) -> 0 | ... V10: =IF(AND(ISNUMBER(Patterns!V4),ISNUMBER('python Patterns'!V4)),Patterns!V4-'python Patterns'!V4,IF(Patterns!V4&""='python Patterns'!V4&"","","TEXT DIFF")) -> 0
A11: =IF(AND(ISNUMBER(Patterns!A5),ISNUMBER('python Patterns'!A5)),Patterns!A5-'python Patterns'!A5,IF(Patterns!A5&""='python Patterns'!A5&"","","TEXT DIFF")) | B11: =IF(AND(ISNUMBER(Patterns!B5),ISNUMBER('python Patterns'!B5)),Patterns!B5-'python Patterns'!B5,IF(Patterns!B5&""='python Patterns'!B5&"","","TEXT DIFF")) | C11: =IF(AND(ISNUMBER(Patterns!C5),ISNUMBER('python Patterns'!C5)),Patterns!C5-'python Patterns'!C5,IF(Patterns!C5&""='python Patterns'!C5&"","","TEXT DIFF")) | D11: =IF(AND(ISNUMBER(Patterns!D5),ISNUMBER('python Patterns'!D5)),Patterns!D5-'python Patterns'!D5,IF(Patterns!D5&""='python Patterns'!D5&"","","TEXT DIFF")) -> 0 | E11: =IF(AND(ISNUMBER(Patterns!E5),ISNUMBER('python Patterns'!E5)),Patterns!E5-'python Patterns'!E5,IF(Patterns!E5&""='python Patterns'!E5&"","","TEXT DIFF")) -> 0 | F11: =IF(AND(ISNUMBER(Patterns!F5),ISNUMBER('python Patterns'!F5)),Patterns!F5-'python Patterns'!F5,IF(Patterns!F5&""='python Patterns'!F5&"","","TEXT DIFF")) -> 0 | G11: =IF(AND(ISNUMBER(Patterns!G5),ISNUMBER('python Patterns'!G5)),Patterns!G5-'python Patterns'!G5,IF(Patterns!G5&""='python Patterns'!G5&"","","TEXT DIFF")) -> 0 | H11: =IF(AND(ISNUMBER(Patterns!H5),ISNUMBER('python Patterns'!H5)),Patterns!H5-'python Patterns'!H5,IF(Patterns!H5&""='python Patterns'!H5&"","","TEXT DIFF")) -> 0 | ... V11: =IF(AND(ISNUMBER(Patterns!V5),ISNUMBER('python Patterns'!V5)),Patterns!V5-'python Patterns'!V5,IF(Patterns!V5&""='python Patterns'!V5&"","","TEXT DIFF")) -> 0
A14: Backtest by tenor: formula - python, cell by cell
A15: =IF(AND(ISNUMBER('Backtest by tenor'!A1),ISNUMBER('python Backtest by tenor'!A1)),'Backtest by tenor'!A1-'python Backtest by tenor'!A1,IF('Backtest by tenor'!A1&""='python Backtest by tenor'!A1&"","","TEXT DIFF")) | B15: =IF(AND(ISNUMBER('Backtest by tenor'!B1),ISNUMBER('python Backtest by tenor'!B1)),'Backtest by tenor'!B1-'python Backtest by tenor'!B1,IF('Backtest by tenor'!B1&""='python Backtest by tenor'!B1&"","","TEXT DIFF")) | C15: =IF(AND(ISNUMBER('Backtest by tenor'!C1),ISNUMBER('python Backtest by tenor'!C1)),'Backtest by tenor'!C1-'python Backtest by tenor'!C1,IF('Backtest by tenor'!C1&""='python Backtest by tenor'!C1&"","","TEXT DIFF")) | D15: =IF(AND(ISNUMBER('Backtest by tenor'!D1),ISNUMBER('python Backtest by tenor'!D1)),'Backtest by tenor'!D1-'python Backtest by tenor'!D1,IF('Backtest by tenor'!D1&""='python Backtest by tenor'!D1&"","","TEXT DIFF")) -> 0 | E15: =IF(AND(ISNUMBER('Backtest by tenor'!E1),ISNUMBER('python Backtest by tenor'!E1)),'Backtest by tenor'!E1-'python Backtest by tenor'!E1,IF('Backtest by tenor'!E1&""='python Backtest by tenor'!E1&"","","TEXT DIFF")) -> 0 | F15: =IF(AND(ISNUMBER('Backtest by tenor'!F1),ISNUMBER('python Backtest by tenor'!F1)),'Backtest by tenor'!F1-'python Backtest by tenor'!F1,IF('Backtest by tenor'!F1&""='python Backtest by tenor'!F1&"","","TEXT DIFF")) -> 0 | G15: =IF(AND(ISNUMBER('Backtest by tenor'!G1),ISNUMBER('python Backtest by tenor'!G1)),'Backtest by tenor'!G1-'python Backtest by tenor'!G1,IF('Backtest by tenor'!G1&""='python Backtest by tenor'!G1&"","","TEXT DIFF")) -> 0 | H15: =IF(AND(ISNUMBER('Backtest by tenor'!H1),ISNUMBER('python Backtest by tenor'!H1)),'Backtest by tenor'!H1-'python Backtest by tenor'!H1,IF('Backtest by tenor'!H1&""='python Backtest by tenor'!H1&"","","TEXT DIFF")) -> 0 | ... V15: =IF(AND(ISNUMBER('Backtest by tenor'!V1),ISNUMBER('python Backtest by tenor'!V1)),'Backtest by tenor'!V1-'python Backtest by tenor'!V1,IF('Backtest by tenor'!V1&""='python Backtest by tenor'!V1&"","","TEXT DIFF")) -> 0
A16: =IF(AND(ISNUMBER('Backtest by tenor'!A2),ISNUMBER('python Backtest by tenor'!A2)),'Backtest by tenor'!A2-'python Backtest by tenor'!A2,IF('Backtest by tenor'!A2&""='python Backtest by tenor'!A2&"","","TEXT DIFF")) | B16: =IF(AND(ISNUMBER('Backtest by tenor'!B2),ISNUMBER('python Backtest by tenor'!B2)),'Backtest by tenor'!B2-'python Backtest by tenor'!B2,IF('Backtest by tenor'!B2&""='python Backtest by tenor'!B2&"","","TEXT DIFF")) | C16: =IF(AND(ISNUMBER('Backtest by tenor'!C2),ISNUMBER('python Backtest by tenor'!C2)),'Backtest by tenor'!C2-'python Backtest by tenor'!C2,IF('Backtest by tenor'!C2&""='python Backtest by tenor'!C2&"","","TEXT DIFF")) | D16: =IF(AND(ISNUMBER('Backtest by tenor'!D2),ISNUMBER('python Backtest by tenor'!D2)),'Backtest by tenor'!D2-'python Backtest by tenor'!D2,IF('Backtest by tenor'!D2&""='python Backtest by tenor'!D2&"","","TEXT DIFF")) | E16: =IF(AND(ISNUMBER('Backtest by tenor'!E2),ISNUMBER('python Backtest by tenor'!E2)),'Backtest by tenor'!E2-'python Backtest by tenor'!E2,IF('Backtest by tenor'!E2&""='python Backtest by tenor'!E2&"","","TEXT DIFF")) -> 0 | F16: =IF(AND(ISNUMBER('Backtest by tenor'!F2),ISNUMBER('python Backtest by tenor'!F2)),'Backtest by tenor'!F2-'python Backtest by tenor'!F2,IF('Backtest by tenor'!F2&""='python Backtest by tenor'!F2&"","","TEXT DIFF")) -> 0 | G16: =IF(AND(ISNUMBER('Backtest by tenor'!G2),ISNUMBER('python Backtest by tenor'!G2)),'Backtest by tenor'!G2-'python Backtest by tenor'!G2,IF('Backtest by tenor'!G2&""='python Backtest by tenor'!G2&"","","TEXT DIFF")) -> 0 | H16: =IF(AND(ISNUMBER('Backtest by tenor'!H2),ISNUMBER('python Backtest by tenor'!H2)),'Backtest by tenor'!H2-'python Backtest by tenor'!H2,IF('Backtest by tenor'!H2&""='python Backtest by tenor'!H2&"","","TEXT DIFF")) -> 0 | ... V16: =IF(AND(ISNUMBER('Backtest by tenor'!V2),ISNUMBER('python Backtest by tenor'!V2)),'Backtest by tenor'!V2-'python Backtest by tenor'!V2,IF('Backtest by tenor'!V2&""='python Backtest by tenor'!V2&"","","TEXT DIFF")) -> 0
A17: =IF(AND(ISNUMBER('Backtest by tenor'!A3),ISNUMBER('python Backtest by tenor'!A3)),'Backtest by tenor'!A3-'python Backtest by tenor'!A3,IF('Backtest by tenor'!A3&""='python Backtest by tenor'!A3&"","","TEXT DIFF")) | B17: =IF(AND(ISNUMBER('Backtest by tenor'!B3),ISNUMBER('python Backtest by tenor'!B3)),'Backtest by tenor'!B3-'python Backtest by tenor'!B3,IF('Backtest by tenor'!B3&""='python Backtest by tenor'!B3&"","","TEXT DIFF")) | C17: =IF(AND(ISNUMBER('Backtest by tenor'!C3),ISNUMBER('python Backtest by tenor'!C3)),'Backtest by tenor'!C3-'python Backtest by tenor'!C3,IF('Backtest by tenor'!C3&""='python Backtest by tenor'!C3&"","","TEXT DIFF")) | D17: =IF(AND(ISNUMBER('Backtest by tenor'!D3),ISNUMBER('python Backtest by tenor'!D3)),'Backtest by tenor'!D3-'python Backtest by tenor'!D3,IF('Backtest by tenor'!D3&""='python Backtest by tenor'!D3&"","","TEXT DIFF")) | E17: =IF(AND(ISNUMBER('Backtest by tenor'!E3),ISNUMBER('python Backtest by tenor'!E3)),'Backtest by tenor'!E3-'python Backtest by tenor'!E3,IF('Backtest by tenor'!E3&""='python Backtest by tenor'!E3&"","","TEXT DIFF")) -> 0 | F17: =IF(AND(ISNUMBER('Backtest by tenor'!F3),ISNUMBER('python Backtest by tenor'!F3)),'Backtest by tenor'!F3-'python Backtest by tenor'!F3,IF('Backtest by tenor'!F3&""='python Backtest by tenor'!F3&"","","TEXT DIFF")) -> 0 | G17: =IF(AND(ISNUMBER('Backtest by tenor'!G3),ISNUMBER('python Backtest by tenor'!G3)),'Backtest by tenor'!G3-'python Backtest by tenor'!G3,IF('Backtest by tenor'!G3&""='python Backtest by tenor'!G3&"","","TEXT DIFF")) -> 0 | H17: =IF(AND(ISNUMBER('Backtest by tenor'!H3),ISNUMBER('python Backtest by tenor'!H3)),'Backtest by tenor'!H3-'python Backtest by tenor'!H3,IF('Backtest by tenor'!H3&""='python Backtest by tenor'!H3&"","","TEXT DIFF")) -> 0 | ... V17: =IF(AND(ISNUMBER('Backtest by tenor'!V3),ISNUMBER('python Backtest by tenor'!V3)),'Backtest by tenor'!V3-'python Backtest by tenor'!V3,IF('Backtest by tenor'!V3&""='python Backtest by tenor'!V3&"","","TEXT DIFF")) -> 0
A18: =IF(AND(ISNUMBER('Backtest by tenor'!A4),ISNUMBER('python Backtest by tenor'!A4)),'Backtest by tenor'!A4-'python Backtest by tenor'!A4,IF('Backtest by tenor'!A4&""='python Backtest by tenor'!A4&"","","TEXT DIFF")) | B18: =IF(AND(ISNUMBER('Backtest by tenor'!B4),ISNUMBER('python Backtest by tenor'!B4)),'Backtest by tenor'!B4-'python Backtest by tenor'!B4,IF('Backtest by tenor'!B4&""='python Backtest by tenor'!B4&"","","TEXT DIFF")) | C18: =IF(AND(ISNUMBER('Backtest by tenor'!C4),ISNUMBER('python Backtest by tenor'!C4)),'Backtest by tenor'!C4-'python Backtest by tenor'!C4,IF('Backtest by tenor'!C4&""='python Backtest by tenor'!C4&"","","TEXT DIFF")) | D18: =IF(AND(ISNUMBER('Backtest by tenor'!D4),ISNUMBER('python Backtest by tenor'!D4)),'Backtest by tenor'!D4-'python Backtest by tenor'!D4,IF('Backtest by tenor'!D4&""='python Backtest by tenor'!D4&"","","TEXT DIFF")) | E18: =IF(AND(ISNUMBER('Backtest by tenor'!E4),ISNUMBER('python Backtest by tenor'!E4)),'Backtest by tenor'!E4-'python Backtest by tenor'!E4,IF('Backtest by tenor'!E4&""='python Backtest by tenor'!E4&"","","TEXT DIFF")) -> 0 | F18: =IF(AND(ISNUMBER('Backtest by tenor'!F4),ISNUMBER('python Backtest by tenor'!F4)),'Backtest by tenor'!F4-'python Backtest by tenor'!F4,IF('Backtest by tenor'!F4&""='python Backtest by tenor'!F4&"","","TEXT DIFF")) -> 0 | G18: =IF(AND(ISNUMBER('Backtest by tenor'!G4),ISNUMBER('python Backtest by tenor'!G4)),'Backtest by tenor'!G4-'python Backtest by tenor'!G4,IF('Backtest by tenor'!G4&""='python Backtest by tenor'!G4&"","","TEXT DIFF")) -> 0 | H18: =IF(AND(ISNUMBER('Backtest by tenor'!H4),ISNUMBER('python Backtest by tenor'!H4)),'Backtest by tenor'!H4-'python Backtest by tenor'!H4,IF('Backtest by tenor'!H4&""='python Backtest by tenor'!H4&"","","TEXT DIFF")) -> 0 | ... V18: =IF(AND(ISNUMBER('Backtest by tenor'!V4),ISNUMBER('python Backtest by tenor'!V4)),'Backtest by tenor'!V4-'python Backtest by tenor'!V4,IF('Backtest by tenor'!V4&""='python Backtest by tenor'!V4&"","","TEXT DIFF")) -> 0
A19: =IF(AND(ISNUMBER('Backtest by tenor'!A5),ISNUMBER('python Backtest by tenor'!A5)),'Backtest by tenor'!A5-'python Backtest by tenor'!A5,IF('Backtest by tenor'!A5&""='python Backtest by tenor'!A5&"","","TEXT DIFF")) | B19: =IF(AND(ISNUMBER('Backtest by tenor'!B5),ISNUMBER('python Backtest by tenor'!B5)),'Backtest by tenor'!B5-'python Backtest by tenor'!B5,IF('Backtest by tenor'!B5&""='python Backtest by tenor'!B5&"","","TEXT DIFF")) | C19: =IF(AND(ISNUMBER('Backtest by tenor'!C5),ISNUMBER('python Backtest by tenor'!C5)),'Backtest by tenor'!C5-'python Backtest by tenor'!C5,IF('Backtest by tenor'!C5&""='python Backtest by tenor'!C5&"","","TEXT DIFF")) | D19: =IF(AND(ISNUMBER('Backtest by tenor'!D5),ISNUMBER('python Backtest by tenor'!D5)),'Backtest by tenor'!D5-'python Backtest by tenor'!D5,IF('Backtest by tenor'!D5&""='python Backtest by tenor'!D5&"","","TEXT DIFF")) | E19: =IF(AND(ISNUMBER('Backtest by tenor'!E5),ISNUMBER('python Backtest by tenor'!E5)),'Backtest by tenor'!E5-'python Backtest by tenor'!E5,IF('Backtest by tenor'!E5&""='python Backtest by tenor'!E5&"","","TEXT DIFF")) -> 0 | F19: =IF(AND(ISNUMBER('Backtest by tenor'!F5),ISNUMBER('python Backtest by tenor'!F5)),'Backtest by tenor'!F5-'python Backtest by tenor'!F5,IF('Backtest by tenor'!F5&""='python Backtest by tenor'!F5&"","","TEXT DIFF")) -> 0 | G19: =IF(AND(ISNUMBER('Backtest by tenor'!G5),ISNUMBER('python Backtest by tenor'!G5)),'Backtest by tenor'!G5-'python Backtest by tenor'!G5,IF('Backtest by tenor'!G5&""='python Backtest by tenor'!G5&"","","TEXT DIFF")) -> 0 | H19: =IF(AND(ISNUMBER('Backtest by tenor'!H5),ISNUMBER('python Backtest by tenor'!H5)),'Backtest by tenor'!H5-'python Backtest by tenor'!H5,IF('Backtest by tenor'!H5&""='python Backtest by tenor'!H5&"","","TEXT DIFF")) -> 0 | ... V19: =IF(AND(ISNUMBER('Backtest by tenor'!V5),ISNUMBER('python Backtest by tenor'!V5)),'Backtest by tenor'!V5-'python Backtest by tenor'!V5,IF('Backtest by tenor'!V5&""='python Backtest by tenor'!V5&"","","TEXT DIFF")) -> 0
A20: =IF(AND(ISNUMBER('Backtest by tenor'!A6),ISNUMBER('python Backtest by tenor'!A6)),'Backtest by tenor'!A6-'python Backtest by tenor'!A6,IF('Backtest by tenor'!A6&""='python Backtest by tenor'!A6&"","","TEXT DIFF")) | B20: =IF(AND(ISNUMBER('Backtest by tenor'!B6),ISNUMBER('python Backtest by tenor'!B6)),'Backtest by tenor'!B6-'python Backtest by tenor'!B6,IF('Backtest by tenor'!B6&""='python Backtest by tenor'!B6&"","","TEXT DIFF")) | C20: =IF(AND(ISNUMBER('Backtest by tenor'!C6),ISNUMBER('python Backtest by tenor'!C6)),'Backtest by tenor'!C6-'python Backtest by tenor'!C6,IF('Backtest by tenor'!C6&""='python Backtest by tenor'!C6&"","","TEXT DIFF")) | D20: =IF(AND(ISNUMBER('Backtest by tenor'!D6),ISNUMBER('python Backtest by tenor'!D6)),'Backtest by tenor'!D6-'python Backtest by tenor'!D6,IF('Backtest by tenor'!D6&""='python Backtest by tenor'!D6&"","","TEXT DIFF")) | E20: =IF(AND(ISNUMBER('Backtest by tenor'!E6),ISNUMBER('python Backtest by tenor'!E6)),'Backtest by tenor'!E6-'python Backtest by tenor'!E6,IF('Backtest by tenor'!E6&""='python Backtest by tenor'!E6&"","","TEXT DIFF")) -> 0 | F20: =IF(AND(ISNUMBER('Backtest by tenor'!F6),ISNUMBER('python Backtest by tenor'!F6)),'Backtest by tenor'!F6-'python Backtest by tenor'!F6,IF('Backtest by tenor'!F6&""='python Backtest by tenor'!F6&"","","TEXT DIFF")) -> 0 | G20: =IF(AND(ISNUMBER('Backtest by tenor'!G6),ISNUMBER('python Backtest by tenor'!G6)),'Backtest by tenor'!G6-'python Backtest by tenor'!G6,IF('Backtest by tenor'!G6&""='python Backtest by tenor'!G6&"","","TEXT DIFF")) -> 0 | H20: =IF(AND(ISNUMBER('Backtest by tenor'!H6),ISNUMBER('python Backtest by tenor'!H6)),'Backtest by tenor'!H6-'python Backtest by tenor'!H6,IF('Backtest by tenor'!H6&""='python Backtest by tenor'!H6&"","","TEXT DIFF")) -> 0 | ... V20: =IF(AND(ISNUMBER('Backtest by tenor'!V6),ISNUMBER('python Backtest by tenor'!V6)),'Backtest by tenor'!V6-'python Backtest by tenor'!V6,IF('Backtest by tenor'!V6&""='python Backtest by tenor'!V6&"","","TEXT DIFF")) -> 0
A21: =IF(AND(ISNUMBER('Backtest by tenor'!A7),ISNUMBER('python Backtest by tenor'!A7)),'Backtest by tenor'!A7-'python Backtest by tenor'!A7,IF('Backtest by tenor'!A7&""='python Backtest by tenor'!A7&"","","TEXT DIFF")) | B21: =IF(AND(ISNUMBER('Backtest by tenor'!B7),ISNUMBER('python Backtest by tenor'!B7)),'Backtest by tenor'!B7-'python Backtest by tenor'!B7,IF('Backtest by tenor'!B7&""='python Backtest by tenor'!B7&"","","TEXT DIFF")) | C21: =IF(AND(ISNUMBER('Backtest by tenor'!C7),ISNUMBER('python Backtest by tenor'!C7)),'Backtest by tenor'!C7-'python Backtest by tenor'!C7,IF('Backtest by tenor'!C7&""='python Backtest by tenor'!C7&"","","TEXT DIFF")) | D21: =IF(AND(ISNUMBER('Backtest by tenor'!D7),ISNUMBER('python Backtest by tenor'!D7)),'Backtest by tenor'!D7-'python Backtest by tenor'!D7,IF('Backtest by tenor'!D7&""='python Backtest by tenor'!D7&"","","TEXT DIFF")) | E21: =IF(AND(ISNUMBER('Backtest by tenor'!E7),ISNUMBER('python Backtest by tenor'!E7)),'Backtest by tenor'!E7-'python Backtest by tenor'!E7,IF('Backtest by tenor'!E7&""='python Backtest by tenor'!E7&"","","TEXT DIFF")) -> 0 | F21: =IF(AND(ISNUMBER('Backtest by tenor'!F7),ISNUMBER('python Backtest by tenor'!F7)),'Backtest by tenor'!F7-'python Backtest by tenor'!F7,IF('Backtest by tenor'!F7&""='python Backtest by tenor'!F7&"","","TEXT DIFF")) -> 0 | G21: =IF(AND(ISNUMBER('Backtest by tenor'!G7),ISNUMBER('python Backtest by tenor'!G7)),'Backtest by tenor'!G7-'python Backtest by tenor'!G7,IF('Backtest by tenor'!G7&""='python Backtest by tenor'!G7&"","","TEXT DIFF")) -> 0 | H21: =IF(AND(ISNUMBER('Backtest by tenor'!H7),ISNUMBER('python Backtest by tenor'!H7)),'Backtest by tenor'!H7-'python Backtest by tenor'!H7,IF('Backtest by tenor'!H7&""='python Backtest by tenor'!H7&"","","TEXT DIFF")) -> 0 | ... V21: =IF(AND(ISNUMBER('Backtest by tenor'!V7),ISNUMBER('python Backtest by tenor'!V7)),'Backtest by tenor'!V7-'python Backtest by tenor'!V7,IF('Backtest by tenor'!V7&""='python Backtest by tenor'!V7&"","","TEXT DIFF")) -> 0
A22: =IF(AND(ISNUMBER('Backtest by tenor'!A8),ISNUMBER('python Backtest by tenor'!A8)),'Backtest by tenor'!A8-'python Backtest by tenor'!A8,IF('Backtest by tenor'!A8&""='python Backtest by tenor'!A8&"","","TEXT DIFF")) | B22: =IF(AND(ISNUMBER('Backtest by tenor'!B8),ISNUMBER('python Backtest by tenor'!B8)),'Backtest by tenor'!B8-'python Backtest by tenor'!B8,IF('Backtest by tenor'!B8&""='python Backtest by tenor'!B8&"","","TEXT DIFF")) | C22: =IF(AND(ISNUMBER('Backtest by tenor'!C8),ISNUMBER('python Backtest by tenor'!C8)),'Backtest by tenor'!C8-'python Backtest by tenor'!C8,IF('Backtest by tenor'!C8&""='python Backtest by tenor'!C8&"","","TEXT DIFF")) | D22: =IF(AND(ISNUMBER('Backtest by tenor'!D8),ISNUMBER('python Backtest by tenor'!D8)),'Backtest by tenor'!D8-'python Backtest by tenor'!D8,IF('Backtest by tenor'!D8&""='python Backtest by tenor'!D8&"","","TEXT DIFF")) | E22: =IF(AND(ISNUMBER('Backtest by tenor'!E8),ISNUMBER('python Backtest by tenor'!E8)),'Backtest by tenor'!E8-'python Backtest by tenor'!E8,IF('Backtest by tenor'!E8&""='python Backtest by tenor'!E8&"","","TEXT DIFF")) | F22: =IF(AND(ISNUMBER('Backtest by tenor'!F8),ISNUMBER('python Backtest by tenor'!F8)),'Backtest by tenor'!F8-'python Backtest by tenor'!F8,IF('Backtest by tenor'!F8&""='python Backtest by tenor'!F8&"","","TEXT DIFF")) | G22: =IF(AND(ISNUMBER('Backtest by tenor'!G8),ISNUMBER('python Backtest by tenor'!G8)),'Backtest by tenor'!G8-'python Backtest by tenor'!G8,IF('Backtest by tenor'!G8&""='python Backtest by tenor'!G8&"","","TEXT DIFF")) | H22: =IF(AND(ISNUMBER('Backtest by tenor'!H8),ISNUMBER('python Backtest by tenor'!H8)),'Backtest by tenor'!H8-'python Backtest by tenor'!H8,IF('Backtest by tenor'!H8&""='python Backtest by tenor'!H8&"","","TEXT DIFF")) | ... V22: =IF(AND(ISNUMBER('Backtest by tenor'!V8),ISNUMBER('python Backtest by tenor'!V8)),'Backtest by tenor'!V8-'python Backtest by tenor'!V8,IF('Backtest by tenor'!V8&""='python Backtest by tenor'!V8&"","","TEXT DIFF"))
A23: =IF(AND(ISNUMBER('Backtest by tenor'!A9),ISNUMBER('python Backtest by tenor'!A9)),'Backtest by tenor'!A9-'python Backtest by tenor'!A9,IF('Backtest by tenor'!A9&""='python Backtest by tenor'!A9&"","","TEXT DIFF")) | B23: =IF(AND(ISNUMBER('Backtest by tenor'!B9),ISNUMBER('python Backtest by tenor'!B9)),'Backtest by tenor'!B9-'python Backtest by tenor'!B9,IF('Backtest by tenor'!B9&""='python Backtest by tenor'!B9&"","","TEXT DIFF")) | C23: =IF(AND(ISNUMBER('Backtest by tenor'!C9),ISNUMBER('python Backtest by tenor'!C9)),'Backtest by tenor'!C9-'python Backtest by tenor'!C9,IF('Backtest by tenor'!C9&""='python Backtest by tenor'!C9&"","","TEXT DIFF")) | D23: =IF(AND(ISNUMBER('Backtest by tenor'!D9),ISNUMBER('python Backtest by tenor'!D9)),'Backtest by tenor'!D9-'python Backtest by tenor'!D9,IF('Backtest by tenor'!D9&""='python Backtest by tenor'!D9&"","","TEXT DIFF")) | E23: =IF(AND(ISNUMBER('Backtest by tenor'!E9),ISNUMBER('python Backtest by tenor'!E9)),'Backtest by tenor'!E9-'python Backtest by tenor'!E9,IF('Backtest by tenor'!E9&""='python Backtest by tenor'!E9&"","","TEXT DIFF")) | F23: =IF(AND(ISNUMBER('Backtest by tenor'!F9),ISNUMBER('python Backtest by tenor'!F9)),'Backtest by tenor'!F9-'python Backtest by tenor'!F9,IF('Backtest by tenor'!F9&""='python Backtest by tenor'!F9&"","","TEXT DIFF")) | G23: =IF(AND(ISNUMBER('Backtest by tenor'!G9),ISNUMBER('python Backtest by tenor'!G9)),'Backtest by tenor'!G9-'python Backtest by tenor'!G9,IF('Backtest by tenor'!G9&""='python Backtest by tenor'!G9&"","","TEXT DIFF")) | H23: =IF(AND(ISNUMBER('Backtest by tenor'!H9),ISNUMBER('python Backtest by tenor'!H9)),'Backtest by tenor'!H9-'python Backtest by tenor'!H9,IF('Backtest by tenor'!H9&""='python Backtest by tenor'!H9&"","","TEXT DIFF")) | ... V23: =IF(AND(ISNUMBER('Backtest by tenor'!V9),ISNUMBER('python Backtest by tenor'!V9)),'Backtest by tenor'!V9-'python Backtest by tenor'!V9,IF('Backtest by tenor'!V9&""='python Backtest by tenor'!V9&"","","TEXT DIFF"))
A24: =IF(AND(ISNUMBER('Backtest by tenor'!A10),ISNUMBER('python Backtest by tenor'!A10)),'Backtest by tenor'!A10-'python Backtest by tenor'!A10,IF('Backtest by tenor'!A10&""='python Backtest by tenor'!A10&"","","TEXT DIFF")) | B24: =IF(AND(ISNUMBER('Backtest by tenor'!B10),ISNUMBER('python Backtest by tenor'!B10)),'Backtest by tenor'!B10-'python Backtest by tenor'!B10,IF('Backtest by tenor'!B10&""='python Backtest by tenor'!B10&"","","TEXT DIFF")) | C24: =IF(AND(ISNUMBER('Backtest by tenor'!C10),ISNUMBER('python Backtest by tenor'!C10)),'Backtest by tenor'!C10-'python Backtest by tenor'!C10,IF('Backtest by tenor'!C10&""='python Backtest by tenor'!C10&"","","TEXT DIFF")) | D24: =IF(AND(ISNUMBER('Backtest by tenor'!D10),ISNUMBER('python Backtest by tenor'!D10)),'Backtest by tenor'!D10-'python Backtest by tenor'!D10,IF('Backtest by tenor'!D10&""='python Backtest by tenor'!D10&"","","TEXT DIFF")) | E24: =IF(AND(ISNUMBER('Backtest by tenor'!E10),ISNUMBER('python Backtest by tenor'!E10)),'Backtest by tenor'!E10-'python Backtest by tenor'!E10,IF('Backtest by tenor'!E10&""='python Backtest by tenor'!E10&"","","TEXT DIFF")) -> 0 | F24: =IF(AND(ISNUMBER('Backtest by tenor'!F10),ISNUMBER('python Backtest by tenor'!F10)),'Backtest by tenor'!F10-'python Backtest by tenor'!F10,IF('Backtest by tenor'!F10&""='python Backtest by tenor'!F10&"","","TEXT DIFF")) -> 0 | G24: =IF(AND(ISNUMBER('Backtest by tenor'!G10),ISNUMBER('python Backtest by tenor'!G10)),'Backtest by tenor'!G10-'python Backtest by tenor'!G10,IF('Backtest by tenor'!G10&""='python Backtest by tenor'!G10&"","","TEXT DIFF")) -> 0 | H24: =IF(AND(ISNUMBER('Backtest by tenor'!H10),ISNUMBER('python Backtest by tenor'!H10)),'Backtest by tenor'!H10-'python Backtest by tenor'!H10,IF('Backtest by tenor'!H10&""='python Backtest by tenor'!H10&"","","TEXT DIFF")) -> 0 | ... V24: =IF(AND(ISNUMBER('Backtest by tenor'!V10),ISNUMBER('python Backtest by tenor'!V10)),'Backtest by tenor'!V10-'python Backtest by tenor'!V10,IF('Backtest by tenor'!V10&""='python Backtest by tenor'!V10&"","","TEXT DIFF")) -> 0
A25: =IF(AND(ISNUMBER('Backtest by tenor'!A11),ISNUMBER('python Backtest by tenor'!A11)),'Backtest by tenor'!A11-'python Backtest by tenor'!A11,IF('Backtest by tenor'!A11&""='python Backtest by tenor'!A11&"","","TEXT DIFF")) | B25: =IF(AND(ISNUMBER('Backtest by tenor'!B11),ISNUMBER('python Backtest by tenor'!B11)),'Backtest by tenor'!B11-'python Backtest by tenor'!B11,IF('Backtest by tenor'!B11&""='python Backtest by tenor'!B11&"","","TEXT DIFF")) | C25: =IF(AND(ISNUMBER('Backtest by tenor'!C11),ISNUMBER('python Backtest by tenor'!C11)),'Backtest by tenor'!C11-'python Backtest by tenor'!C11,IF('Backtest by tenor'!C11&""='python Backtest by tenor'!C11&"","","TEXT DIFF")) | D25: =IF(AND(ISNUMBER('Backtest by tenor'!D11),ISNUMBER('python Backtest by tenor'!D11)),'Backtest by tenor'!D11-'python Backtest by tenor'!D11,IF('Backtest by tenor'!D11&""='python Backtest by tenor'!D11&"","","TEXT DIFF")) | E25: =IF(AND(ISNUMBER('Backtest by tenor'!E11),ISNUMBER('python Backtest by tenor'!E11)),'Backtest by tenor'!E11-'python Backtest by tenor'!E11,IF('Backtest by tenor'!E11&""='python Backtest by tenor'!E11&"","","TEXT DIFF")) -> 0 | F25: =IF(AND(ISNUMBER('Backtest by tenor'!F11),ISNUMBER('python Backtest by tenor'!F11)),'Backtest by tenor'!F11-'python Backtest by tenor'!F11,IF('Backtest by tenor'!F11&""='python Backtest by tenor'!F11&"","","TEXT DIFF")) -> 0 | G25: =IF(AND(ISNUMBER('Backtest by tenor'!G11),ISNUMBER('python Backtest by tenor'!G11)),'Backtest by tenor'!G11-'python Backtest by tenor'!G11,IF('Backtest by tenor'!G11&""='python Backtest by tenor'!G11&"","","TEXT DIFF")) -> 0 | H25: =IF(AND(ISNUMBER('Backtest by tenor'!H11),ISNUMBER('python Backtest by tenor'!H11)),'Backtest by tenor'!H11-'python Backtest by tenor'!H11,IF('Backtest by tenor'!H11&""='python Backtest by tenor'!H11&"","","TEXT DIFF")) -> 0 | ... V25: =IF(AND(ISNUMBER('Backtest by tenor'!V11),ISNUMBER('python Backtest by tenor'!V11)),'Backtest by tenor'!V11-'python Backtest by tenor'!V11,IF('Backtest by tenor'!V11&""='python Backtest by tenor'!V11&"","","TEXT DIFF")) -> 0
A26: =IF(AND(ISNUMBER('Backtest by tenor'!A12),ISNUMBER('python Backtest by tenor'!A12)),'Backtest by tenor'!A12-'python Backtest by tenor'!A12,IF('Backtest by tenor'!A12&""='python Backtest by tenor'!A12&"","","TEXT DIFF")) | B26: =IF(AND(ISNUMBER('Backtest by tenor'!B12),ISNUMBER('python Backtest by tenor'!B12)),'Backtest by tenor'!B12-'python Backtest by tenor'!B12,IF('Backtest by tenor'!B12&""='python Backtest by tenor'!B12&"","","TEXT DIFF")) | C26: =IF(AND(ISNUMBER('Backtest by tenor'!C12),ISNUMBER('python Backtest by tenor'!C12)),'Backtest by tenor'!C12-'python Backtest by tenor'!C12,IF('Backtest by tenor'!C12&""='python Backtest by tenor'!C12&"","","TEXT DIFF")) | D26: =IF(AND(ISNUMBER('Backtest by tenor'!D12),ISNUMBER('python Backtest by tenor'!D12)),'Backtest by tenor'!D12-'python Backtest by tenor'!D12,IF('Backtest by tenor'!D12&""='python Backtest by tenor'!D12&"","","TEXT DIFF")) | E26: =IF(AND(ISNUMBER('Backtest by tenor'!E12),ISNUMBER('python Backtest by tenor'!E12)),'Backtest by tenor'!E12-'python Backtest by tenor'!E12,IF('Backtest by tenor'!E12&""='python Backtest by tenor'!E12&"","","TEXT DIFF")) -> 0 | F26: =IF(AND(ISNUMBER('Backtest by tenor'!F12),ISNUMBER('python Backtest by tenor'!F12)),'Backtest by tenor'!F12-'python Backtest by tenor'!F12,IF('Backtest by tenor'!F12&""='python Backtest by tenor'!F12&"","","TEXT DIFF")) -> 0 | G26: =IF(AND(ISNUMBER('Backtest by tenor'!G12),ISNUMBER('python Backtest by tenor'!G12)),'Backtest by tenor'!G12-'python Backtest by tenor'!G12,IF('Backtest by tenor'!G12&""='python Backtest by tenor'!G12&"","","TEXT DIFF")) -> 0 | H26: =IF(AND(ISNUMBER('Backtest by tenor'!H12),ISNUMBER('python Backtest by tenor'!H12)),'Backtest by tenor'!H12-'python Backtest by tenor'!H12,IF('Backtest by tenor'!H12&""='python Backtest by tenor'!H12&"","","TEXT DIFF")) -> 0 | ... V26: =IF(AND(ISNUMBER('Backtest by tenor'!V12),ISNUMBER('python Backtest by tenor'!V12)),'Backtest by tenor'!V12-'python Backtest by tenor'!V12,IF('Backtest by tenor'!V12&""='python Backtest by tenor'!V12&"","","TEXT DIFF")) -> 0
... A29: =IF(AND(ISNUMBER('Backtest by tenor'!A15),ISNUMBER('python Backtest by tenor'!A15)),'Backtest by tenor'!A15-'python Backtest by tenor'!A15,IF('Backtest by tenor'!A15&""='python Backtest by tenor'!A15&"","","TEXT DIFF")) | B29: =IF(AND(ISNUMBER('Backtest by tenor'!B15),ISNUMBER('python Backtest by tenor'!B15)),'Backtest by tenor'!B15-'python Backtest by tenor'!B15,IF('Backtest by tenor'!B15&""='python Backtest by tenor'!B15&"","","TEXT DIFF")) | C29: =IF(AND(ISNUMBER('Backtest by tenor'!C15),ISNUMBER('python Backtest by tenor'!C15)),'Backtest by tenor'!C15-'python Backtest by tenor'!C15,IF('Backtest by tenor'!C15&""='python Backtest by tenor'!C15&"","","TEXT DIFF")) | D29: =IF(AND(ISNUMBER('Backtest by tenor'!D15),ISNUMBER('python Backtest by tenor'!D15)),'Backtest by tenor'!D15-'python Backtest by tenor'!D15,IF('Backtest by tenor'!D15&""='python Backtest by tenor'!D15&"","","TEXT DIFF")) | E29: =IF(AND(ISNUMBER('Backtest by tenor'!E15),ISNUMBER('python Backtest by tenor'!E15)),'Backtest by tenor'!E15-'python Backtest by tenor'!E15,IF('Backtest by tenor'!E15&""='python Backtest by tenor'!E15&"","","TEXT DIFF")) -> 0 | F29: =IF(AND(ISNUMBER('Backtest by tenor'!F15),ISNUMBER('python Backtest by tenor'!F15)),'Backtest by tenor'!F15-'python Backtest by tenor'!F15,IF('Backtest by tenor'!F15&""='python Backtest by tenor'!F15&"","","TEXT DIFF")) -> 0 | G29: =IF(AND(ISNUMBER('Backtest by tenor'!G15),ISNUMBER('python Backtest by tenor'!G15)),'Backtest by tenor'!G15-'python Backtest by tenor'!G15,IF('Backtest by tenor'!G15&""='python Backtest by tenor'!G15&"","","TEXT DIFF")) -> 0 | H29: =IF(AND(ISNUMBER('Backtest by tenor'!H15),ISNUMBER('python Backtest by tenor'!H15)),'Backtest by tenor'!H15-'python Backtest by tenor'!H15,IF('Backtest by tenor'!H15&""='python Backtest by tenor'!H15&"","","TEXT DIFF")) -> 0 | ... V29: =IF(AND(ISNUMBER('Backtest by tenor'!V15),ISNUMBER('python Backtest by tenor'!V15)),'Backtest by tenor'!V15-'python Backtest by tenor'!V15,IF('Backtest by tenor'!V15&""='python Backtest by tenor'!V15&"","","TEXT DIFF")) -> 0
A32: Backtest by period: formula - python, cell by cell
A33: =IF(AND(ISNUMBER('Backtest by period'!A1),ISNUMBER('python Backtest by period'!A1)),'Backtest by period'!A1-'python Backtest by period'!A1,IF('Backtest by period'!A1&""='python Backtest by period'!A1&"","","TEXT DIFF")) | B33: =IF(AND(ISNUMBER('Backtest by period'!B1),ISNUMBER('python Backtest by period'!B1)),'Backtest by period'!B1-'python Backtest by period'!B1,IF('Backtest by period'!B1&""='python Backtest by period'!B1&"","","TEXT DIFF")) | C33: =IF(AND(ISNUMBER('Backtest by period'!C1),ISNUMBER('python Backtest by period'!C1)),'Backtest by period'!C1-'python Backtest by period'!C1,IF('Backtest by period'!C1&""='python Backtest by period'!C1&"","","TEXT DIFF")) | D33: =IF(AND(ISNUMBER('Backtest by period'!D1),ISNUMBER('python Backtest by period'!D1)),'Backtest by period'!D1-'python Backtest by period'!D1,IF('Backtest by period'!D1&""='python Backtest by period'!D1&"","","TEXT DIFF")) | E33: =IF(AND(ISNUMBER('Backtest by period'!E1),ISNUMBER('python Backtest by period'!E1)),'Backtest by period'!E1-'python Backtest by period'!E1,IF('Backtest by period'!E1&""='python Backtest by period'!E1&"","","TEXT DIFF")) | F33: =IF(AND(ISNUMBER('Backtest by period'!F1),ISNUMBER('python Backtest by period'!F1)),'Backtest by period'!F1-'python Backtest by period'!F1,IF('Backtest by period'!F1&""='python Backtest by period'!F1&"","","TEXT DIFF"))
A34: =IF(AND(ISNUMBER('Backtest by period'!A2),ISNUMBER('python Backtest by period'!A2)),'Backtest by period'!A2-'python Backtest by period'!A2,IF('Backtest by period'!A2&""='python Backtest by period'!A2&"","","TEXT DIFF")) | B34: =IF(AND(ISNUMBER('Backtest by period'!B2),ISNUMBER('python Backtest by period'!B2)),'Backtest by period'!B2-'python Backtest by period'!B2,IF('Backtest by period'!B2&""='python Backtest by period'!B2&"","","TEXT DIFF")) | C34: =IF(AND(ISNUMBER('Backtest by period'!C2),ISNUMBER('python Backtest by period'!C2)),'Backtest by period'!C2-'python Backtest by period'!C2,IF('Backtest by period'!C2&""='python Backtest by period'!C2&"","","TEXT DIFF")) | D34: =IF(AND(ISNUMBER('Backtest by period'!D2),ISNUMBER('python Backtest by period'!D2)),'Backtest by period'!D2-'python Backtest by period'!D2,IF('Backtest by period'!D2&""='python Backtest by period'!D2&"","","TEXT DIFF")) | E34: =IF(AND(ISNUMBER('Backtest by period'!E2),ISNUMBER('python Backtest by period'!E2)),'Backtest by period'!E2-'python Backtest by period'!E2,IF('Backtest by period'!E2&""='python Backtest by period'!E2&"","","TEXT DIFF")) | F34: =IF(AND(ISNUMBER('Backtest by period'!F2),ISNUMBER('python Backtest by period'!F2)),'Backtest by period'!F2-'python Backtest by period'!F2,IF('Backtest by period'!F2&""='python Backtest by period'!F2&"","","TEXT DIFF"))
A35: =IF(AND(ISNUMBER('Backtest by period'!A3),ISNUMBER('python Backtest by period'!A3)),'Backtest by period'!A3-'python Backtest by period'!A3,IF('Backtest by period'!A3&""='python Backtest by period'!A3&"","","TEXT DIFF")) | B35: =IF(AND(ISNUMBER('Backtest by period'!B3),ISNUMBER('python Backtest by period'!B3)),'Backtest by period'!B3-'python Backtest by period'!B3,IF('Backtest by period'!B3&""='python Backtest by period'!B3&"","","TEXT DIFF")) | C35: =IF(AND(ISNUMBER('Backtest by period'!C3),ISNUMBER('python Backtest by period'!C3)),'Backtest by period'!C3-'python Backtest by period'!C3,IF('Backtest by period'!C3&""='python Backtest by period'!C3&"","","TEXT DIFF")) | D35: =IF(AND(ISNUMBER('Backtest by period'!D3),ISNUMBER('python Backtest by period'!D3)),'Backtest by period'!D3-'python Backtest by period'!D3,IF('Backtest by period'!D3&""='python Backtest by period'!D3&"","","TEXT DIFF")) -> 0 | E35: =IF(AND(ISNUMBER('Backtest by period'!E3),ISNUMBER('python Backtest by period'!E3)),'Backtest by period'!E3-'python Backtest by period'!E3,IF('Backtest by period'!E3&""='python Backtest by period'!E3&"","","TEXT DIFF")) -> 0 | F35: =IF(AND(ISNUMBER('Backtest by period'!F3),ISNUMBER('python Backtest by period'!F3)),'Backtest by period'!F3-'python Backtest by period'!F3,IF('Backtest by period'!F3&""='python Backtest by period'!F3&"","","TEXT DIFF")) -> 0
A36: =IF(AND(ISNUMBER('Backtest by period'!A4),ISNUMBER('python Backtest by period'!A4)),'Backtest by period'!A4-'python Backtest by period'!A4,IF('Backtest by period'!A4&""='python Backtest by period'!A4&"","","TEXT DIFF")) | B36: =IF(AND(ISNUMBER('Backtest by period'!B4),ISNUMBER('python Backtest by period'!B4)),'Backtest by period'!B4-'python Backtest by period'!B4,IF('Backtest by period'!B4&""='python Backtest by period'!B4&"","","TEXT DIFF")) | C36: =IF(AND(ISNUMBER('Backtest by period'!C4),ISNUMBER('python Backtest by period'!C4)),'Backtest by period'!C4-'python Backtest by period'!C4,IF('Backtest by period'!C4&""='python Backtest by period'!C4&"","","TEXT DIFF")) | D36: =IF(AND(ISNUMBER('Backtest by period'!D4),ISNUMBER('python Backtest by period'!D4)),'Backtest by period'!D4-'python Backtest by period'!D4,IF('Backtest by period'!D4&""='python Backtest by period'!D4&"","","TEXT DIFF")) -> 0 | E36: =IF(AND(ISNUMBER('Backtest by period'!E4),ISNUMBER('python Backtest by period'!E4)),'Backtest by period'!E4-'python Backtest by period'!E4,IF('Backtest by period'!E4&""='python Backtest by period'!E4&"","","TEXT DIFF")) -> 0 | F36: =IF(AND(ISNUMBER('Backtest by period'!F4),ISNUMBER('python Backtest by period'!F4)),'Backtest by period'!F4-'python Backtest by period'!F4,IF('Backtest by period'!F4&""='python Backtest by period'!F4&"","","TEXT DIFF")) -> 0
A37: =IF(AND(ISNUMBER('Backtest by period'!A5),ISNUMBER('python Backtest by period'!A5)),'Backtest by period'!A5-'python Backtest by period'!A5,IF('Backtest by period'!A5&""='python Backtest by period'!A5&"","","TEXT DIFF")) | B37: =IF(AND(ISNUMBER('Backtest by period'!B5),ISNUMBER('python Backtest by period'!B5)),'Backtest by period'!B5-'python Backtest by period'!B5,IF('Backtest by period'!B5&""='python Backtest by period'!B5&"","","TEXT DIFF")) | C37: =IF(AND(ISNUMBER('Backtest by period'!C5),ISNUMBER('python Backtest by period'!C5)),'Backtest by period'!C5-'python Backtest by period'!C5,IF('Backtest by period'!C5&""='python Backtest by period'!C5&"","","TEXT DIFF")) | D37: =IF(AND(ISNUMBER('Backtest by period'!D5),ISNUMBER('python Backtest by period'!D5)),'Backtest by period'!D5-'python Backtest by period'!D5,IF('Backtest by period'!D5&""='python Backtest by period'!D5&"","","TEXT DIFF")) -> 0 | E37: =IF(AND(ISNUMBER('Backtest by period'!E5),ISNUMBER('python Backtest by period'!E5)),'Backtest by period'!E5-'python Backtest by period'!E5,IF('Backtest by period'!E5&""='python Backtest by period'!E5&"","","TEXT DIFF")) -> 0 | F37: =IF(AND(ISNUMBER('Backtest by period'!F5),ISNUMBER('python Backtest by period'!F5)),'Backtest by period'!F5-'python Backtest by period'!F5,IF('Backtest by period'!F5&""='python Backtest by period'!F5&"","","TEXT DIFF")) -> 0
A38: =IF(AND(ISNUMBER('Backtest by period'!A6),ISNUMBER('python Backtest by period'!A6)),'Backtest by period'!A6-'python Backtest by period'!A6,IF('Backtest by period'!A6&""='python Backtest by period'!A6&"","","TEXT DIFF")) | B38: =IF(AND(ISNUMBER('Backtest by period'!B6),ISNUMBER('python Backtest by period'!B6)),'Backtest by period'!B6-'python Backtest by period'!B6,IF('Backtest by period'!B6&""='python Backtest by period'!B6&"","","TEXT DIFF")) | C38: =IF(AND(ISNUMBER('Backtest by period'!C6),ISNUMBER('python Backtest by period'!C6)),'Backtest by period'!C6-'python Backtest by period'!C6,IF('Backtest by period'!C6&""='python Backtest by period'!C6&"","","TEXT DIFF")) | D38: =IF(AND(ISNUMBER('Backtest by period'!D6),ISNUMBER('python Backtest by period'!D6)),'Backtest by period'!D6-'python Backtest by period'!D6,IF('Backtest by period'!D6&""='python Backtest by period'!D6&"","","TEXT DIFF")) -> 0 | E38: =IF(AND(ISNUMBER('Backtest by period'!E6),ISNUMBER('python Backtest by period'!E6)),'Backtest by period'!E6-'python Backtest by period'!E6,IF('Backtest by period'!E6&""='python Backtest by period'!E6&"","","TEXT DIFF")) -> 0 | F38: =IF(AND(ISNUMBER('Backtest by period'!F6),ISNUMBER('python Backtest by period'!F6)),'Backtest by period'!F6-'python Backtest by period'!F6,IF('Backtest by period'!F6&""='python Backtest by period'!F6&"","","TEXT DIFF")) -> 0
A39: =IF(AND(ISNUMBER('Backtest by period'!A7),ISNUMBER('python Backtest by period'!A7)),'Backtest by period'!A7-'python Backtest by period'!A7,IF('Backtest by period'!A7&""='python Backtest by period'!A7&"","","TEXT DIFF")) | B39: =IF(AND(ISNUMBER('Backtest by period'!B7),ISNUMBER('python Backtest by period'!B7)),'Backtest by period'!B7-'python Backtest by period'!B7,IF('Backtest by period'!B7&""='python Backtest by period'!B7&"","","TEXT DIFF")) | C39: =IF(AND(ISNUMBER('Backtest by period'!C7),ISNUMBER('python Backtest by period'!C7)),'Backtest by period'!C7-'python Backtest by period'!C7,IF('Backtest by period'!C7&""='python Backtest by period'!C7&"","","TEXT DIFF")) | D39: =IF(AND(ISNUMBER('Backtest by period'!D7),ISNUMBER('python Backtest by period'!D7)),'Backtest by period'!D7-'python Backtest by period'!D7,IF('Backtest by period'!D7&""='python Backtest by period'!D7&"","","TEXT DIFF")) -> 0 | E39: =IF(AND(ISNUMBER('Backtest by period'!E7),ISNUMBER('python Backtest by period'!E7)),'Backtest by period'!E7-'python Backtest by period'!E7,IF('Backtest by period'!E7&""='python Backtest by period'!E7&"","","TEXT DIFF")) -> 0 | F39: =IF(AND(ISNUMBER('Backtest by period'!F7),ISNUMBER('python Backtest by period'!F7)),'Backtest by period'!F7-'python Backtest by period'!F7,IF('Backtest by period'!F7&""='python Backtest by period'!F7&"","","TEXT DIFF")) -> 0
A40: =IF(AND(ISNUMBER('Backtest by period'!A8),ISNUMBER('python Backtest by period'!A8)),'Backtest by period'!A8-'python Backtest by period'!A8,IF('Backtest by period'!A8&""='python Backtest by period'!A8&"","","TEXT DIFF")) | B40: =IF(AND(ISNUMBER('Backtest by period'!B8),ISNUMBER('python Backtest by period'!B8)),'Backtest by period'!B8-'python Backtest by period'!B8,IF('Backtest by period'!B8&""='python Backtest by period'!B8&"","","TEXT DIFF")) | C40: =IF(AND(ISNUMBER('Backtest by period'!C8),ISNUMBER('python Backtest by period'!C8)),'Backtest by period'!C8-'python Backtest by period'!C8,IF('Backtest by period'!C8&""='python Backtest by period'!C8&"","","TEXT DIFF")) | D40: =IF(AND(ISNUMBER('Backtest by period'!D8),ISNUMBER('python Backtest by period'!D8)),'Backtest by period'!D8-'python Backtest by period'!D8,IF('Backtest by period'!D8&""='python Backtest by period'!D8&"","","TEXT DIFF")) | E40: =IF(AND(ISNUMBER('Backtest by period'!E8),ISNUMBER('python Backtest by period'!E8)),'Backtest by period'!E8-'python Backtest by period'!E8,IF('Backtest by period'!E8&""='python Backtest by period'!E8&"","","TEXT DIFF")) | F40: =IF(AND(ISNUMBER('Backtest by period'!F8),ISNUMBER('python Backtest by period'!F8)),'Backtest by period'!F8-'python Backtest by period'!F8,IF('Backtest by period'!F8&""='python Backtest by period'!F8&"","","TEXT DIFF"))
A41: =IF(AND(ISNUMBER('Backtest by period'!A9),ISNUMBER('python Backtest by period'!A9)),'Backtest by period'!A9-'python Backtest by period'!A9,IF('Backtest by period'!A9&""='python Backtest by period'!A9&"","","TEXT DIFF")) | B41: =IF(AND(ISNUMBER('Backtest by period'!B9),ISNUMBER('python Backtest by period'!B9)),'Backtest by period'!B9-'python Backtest by period'!B9,IF('Backtest by period'!B9&""='python Backtest by period'!B9&"","","TEXT DIFF")) | C41: =IF(AND(ISNUMBER('Backtest by period'!C9),ISNUMBER('python Backtest by period'!C9)),'Backtest by period'!C9-'python Backtest by period'!C9,IF('Backtest by period'!C9&""='python Backtest by period'!C9&"","","TEXT DIFF")) | D41: =IF(AND(ISNUMBER('Backtest by period'!D9),ISNUMBER('python Backtest by period'!D9)),'Backtest by period'!D9-'python Backtest by period'!D9,IF('Backtest by period'!D9&""='python Backtest by period'!D9&"","","TEXT DIFF")) | E41: =IF(AND(ISNUMBER('Backtest by period'!E9),ISNUMBER('python Backtest by period'!E9)),'Backtest by period'!E9-'python Backtest by period'!E9,IF('Backtest by period'!E9&""='python Backtest by period'!E9&"","","TEXT DIFF")) | F41: =IF(AND(ISNUMBER('Backtest by period'!F9),ISNUMBER('python Backtest by period'!F9)),'Backtest by period'!F9-'python Backtest by period'!F9,IF('Backtest by period'!F9&""='python Backtest by period'!F9&"","","TEXT DIFF"))
A42: =IF(AND(ISNUMBER('Backtest by period'!A10),ISNUMBER('python Backtest by period'!A10)),'Backtest by period'!A10-'python Backtest by period'!A10,IF('Backtest by period'!A10&""='python Backtest by period'!A10&"","","TEXT DIFF")) | B42: =IF(AND(ISNUMBER('Backtest by period'!B10),ISNUMBER('python Backtest by period'!B10)),'Backtest by period'!B10-'python Backtest by period'!B10,IF('Backtest by period'!B10&""='python Backtest by period'!B10&"","","TEXT DIFF")) | C42: =IF(AND(ISNUMBER('Backtest by period'!C10),ISNUMBER('python Backtest by period'!C10)),'Backtest by period'!C10-'python Backtest by period'!C10,IF('Backtest by period'!C10&""='python Backtest by period'!C10&"","","TEXT DIFF")) | D42: =IF(AND(ISNUMBER('Backtest by period'!D10),ISNUMBER('python Backtest by period'!D10)),'Backtest by period'!D10-'python Backtest by period'!D10,IF('Backtest by period'!D10&""='python Backtest by period'!D10&"","","TEXT DIFF")) | E42: =IF(AND(ISNUMBER('Backtest by period'!E10),ISNUMBER('python Backtest by period'!E10)),'Backtest by period'!E10-'python Backtest by period'!E10,IF('Backtest by period'!E10&""='python Backtest by period'!E10&"","","TEXT DIFF")) | F42: =IF(AND(ISNUMBER('Backtest by period'!F10),ISNUMBER('python Backtest by period'!F10)),'Backtest by period'!F10-'python Backtest by period'!F10,IF('Backtest by period'!F10&""='python Backtest by period'!F10&"","","TEXT DIFF"))
A43: =IF(AND(ISNUMBER('Backtest by period'!A11),ISNUMBER('python Backtest by period'!A11)),'Backtest by period'!A11-'python Backtest by period'!A11,IF('Backtest by period'!A11&""='python Backtest by period'!A11&"","","TEXT DIFF")) | B43: =IF(AND(ISNUMBER('Backtest by period'!B11),ISNUMBER('python Backtest by period'!B11)),'Backtest by period'!B11-'python Backtest by period'!B11,IF('Backtest by period'!B11&""='python Backtest by period'!B11&"","","TEXT DIFF")) | C43: =IF(AND(ISNUMBER('Backtest by period'!C11),ISNUMBER('python Backtest by period'!C11)),'Backtest by period'!C11-'python Backtest by period'!C11,IF('Backtest by period'!C11&""='python Backtest by period'!C11&"","","TEXT DIFF")) | D43: =IF(AND(ISNUMBER('Backtest by period'!D11),ISNUMBER('python Backtest by period'!D11)),'Backtest by period'!D11-'python Backtest by period'!D11,IF('Backtest by period'!D11&""='python Backtest by period'!D11&"","","TEXT DIFF")) -> 0 | E43: =IF(AND(ISNUMBER('Backtest by period'!E11),ISNUMBER('python Backtest by period'!E11)),'Backtest by period'!E11-'python Backtest by period'!E11,IF('Backtest by period'!E11&""='python Backtest by period'!E11&"","","TEXT DIFF")) | F43: =IF(AND(ISNUMBER('Backtest by period'!F11),ISNUMBER('python Backtest by period'!F11)),'Backtest by period'!F11-'python Backtest by period'!F11,IF('Backtest by period'!F11&""='python Backtest by period'!F11&"","","TEXT DIFF")) -> 0
A44: =IF(AND(ISNUMBER('Backtest by period'!A12),ISNUMBER('python Backtest by period'!A12)),'Backtest by period'!A12-'python Backtest by period'!A12,IF('Backtest by period'!A12&""='python Backtest by period'!A12&"","","TEXT DIFF")) | B44: =IF(AND(ISNUMBER('Backtest by period'!B12),ISNUMBER('python Backtest by period'!B12)),'Backtest by period'!B12-'python Backtest by period'!B12,IF('Backtest by period'!B12&""='python Backtest by period'!B12&"","","TEXT DIFF")) | C44: =IF(AND(ISNUMBER('Backtest by period'!C12),ISNUMBER('python Backtest by period'!C12)),'Backtest by period'!C12-'python Backtest by period'!C12,IF('Backtest by period'!C12&""='python Backtest by period'!C12&"","","TEXT DIFF")) | D44: =IF(AND(ISNUMBER('Backtest by period'!D12),ISNUMBER('python Backtest by period'!D12)),'Backtest by period'!D12-'python Backtest by period'!D12,IF('Backtest by period'!D12&""='python Backtest by period'!D12&"","","TEXT DIFF")) -> 0 | E44: =IF(AND(ISNUMBER('Backtest by period'!E12),ISNUMBER('python Backtest by period'!E12)),'Backtest by period'!E12-'python Backtest by period'!E12,IF('Backtest by period'!E12&""='python Backtest by period'!E12&"","","TEXT DIFF")) | F44: =IF(AND(ISNUMBER('Backtest by period'!F12),ISNUMBER('python Backtest by period'!F12)),'Backtest by period'!F12-'python Backtest by period'!F12,IF('Backtest by period'!F12&""='python Backtest by period'!F12&"","","TEXT DIFF")) -> 0
... A47: =IF(AND(ISNUMBER('Backtest by period'!A15),ISNUMBER('python Backtest by period'!A15)),'Backtest by period'!A15-'python Backtest by period'!A15,IF('Backtest by period'!A15&""='python Backtest by period'!A15&"","","TEXT DIFF")) | B47: =IF(AND(ISNUMBER('Backtest by period'!B15),ISNUMBER('python Backtest by period'!B15)),'Backtest by period'!B15-'python Backtest by period'!B15,IF('Backtest by period'!B15&""='python Backtest by period'!B15&"","","TEXT DIFF")) | C47: =IF(AND(ISNUMBER('Backtest by period'!C15),ISNUMBER('python Backtest by period'!C15)),'Backtest by period'!C15-'python Backtest by period'!C15,IF('Backtest by period'!C15&""='python Backtest by period'!C15&"","","TEXT DIFF")) | D47: =IF(AND(ISNUMBER('Backtest by period'!D15),ISNUMBER('python Backtest by period'!D15)),'Backtest by period'!D15-'python Backtest by period'!D15,IF('Backtest by period'!D15&""='python Backtest by period'!D15&"","","TEXT DIFF")) -> 0 | E47: =IF(AND(ISNUMBER('Backtest by period'!E15),ISNUMBER('python Backtest by period'!E15)),'Backtest by period'!E15-'python Backtest by period'!E15,IF('Backtest by period'!E15&""='python Backtest by period'!E15&"","","TEXT DIFF")) | F47: =IF(AND(ISNUMBER('Backtest by period'!F15),ISNUMBER('python Backtest by period'!F15)),'Backtest by period'!F15-'python Backtest by period'!F15,IF('Backtest by period'!F15&""='python Backtest by period'!F15&"","","TEXT DIFF")) -> 0

Sheet Data
A1: cumulative paid (AY x observation year)
A2: AY \ year | B2: 2007 | C2: 2008 | D2: 2009 | E2: 2010 | F2: 2011 | G2: 2012 | H2: 2013 | I2: 2014 | J2: 2015 | K2: 2016 | L2: 2017 | M2: 2018 | N2: 2019 | O2: 2020 | P2: 2021 | Q2: 2022 | R2: 2023 | S2: 2024 | T2: 2025
A3: 2007 | B3: 0 | C3: 0 | D3: 0 | E3: 0 | F3: 0 | G3: 0 | H3: 0 | I3: 0 | J3: 0 | K3: 1382 | L3: 1382 | M3: 1382 | N3: 1382 | O3: 1382 | P3: 1382 | Q3: 1382 | R3: 1382 | S3: 1382 | T3: 1382
A4: 2008 | C4: 0 | D4: 8713 | E4: 8713 | F4: 8713 | G4: 8713 | H4: 8713 | I4: 8713 | J4: 8713 | K4: 9472 | L4: 9472 | M4: 9472 | N4: 9472 | O4: 9472 | P4: 9472 | Q4: 9472 | R4: 9472 | S4: 9472 | T4: 9472
A5: 2009 | D5: 0 | E5: 6007 | F5: 8788 | G5: 8788 | H5: 8788 | I5: 8788 | J5: 8788 | K5: 8788 | L5: 8788 | M5: 8788 | N5: 8788 | O5: 8788 | P5: 8788 | Q5: 8788 | R5: 8788 | S5: 8788 | T5: 8788
A6: 2010 | E6: 0 | F6: 500 | G6: 500 | H6: 500 | I6: 1720 | J6: 1720 | K6: 1720 | L6: 1720 | M6: 8854 | N6: 8854 | O6: 8854 | P6: 8854 | Q6: 8854 | R6: 8854 | S6: 8854 | T6: 8854
A7: 2011 | F7: 6109 | G7: 10569 | H7: 21993 | I7: 21993 | J7: 21993 | K7: 26889 | L7: 26889 | M7: 26889 | N7: 26889 | O7: 26889 | P7: 26889 | Q7: 26889 | R7: 26889 | S7: 26889 | T7: 26889
A8: 2012 | G8: 17 | H8: 761 | I8: 31465 | J8: 31435 | K8: 36774 | L8: 36764 | M8: 36764 | N8: 36764 | O8: 36764 | P8: 36764 | Q8: 36764 | R8: 36764 | S8: 36764 | T8: 36764
A9: 2013 | H9: 0 | I9: 0 | J9: 0 | K9: 7000 | L9: 7000 | M9: 7000 | N9: 7000 | O9: 7000 | P9: 7000 | Q9: 7000 | R9: 7000 | S9: 7000 | T9: 7000
A10: 2014 | I10: 0 | J10: 10000 | K10: 23172 | L10: 23172 | M10: 23172 | N10: 23172 | O10: 23172 | P10: 23172 | Q10: 23172 | R10: 23172 | S10: 23172 | T10: 23172
A11: 2015 | J11: 1000 | K11: 7390 | L11: 11780 | M11: 36105 | N11: 31462 | O11: 31462 | P11: 31462 | Q11: 31462 | R11: 31462 | S11: 31462 | T11: 31462
A12: 2016 | K12: 1592 | L12: 2592 | M12: 2592 | N12: 2439 | O12: 2439 | P12: 2439 | Q12: 2439 | R12: 2439 | S12: 2439 | T12: 2439
A13: 2017 | L13: 0 | M13: 0 | N13: 4132 | O13: 5302 | P13: 6410 | Q13: 6410 | R13: 6410 | S13: 6410 | T13: 6410
A14: 2018 | M14: 492 | N14: 812 | O14: 812 | P14: 1613 | Q14: 1613 | R14: 1613 | S14: 1613 | T14: 1613
A15: 2019 | N15: 9320 | O15: 14672 | P15: 28896 | Q15: 28896 | R15: 28896 | S15: 28896 | T15: 28896
A16: 2020 | O16: 3 | P16: 99634 | Q16: 99634 | R16: 99635 | S16: 99635 | T16: 99635
A17: 2021 | P17: 60674 | Q17: 115040 | R17: 115040 | S17: 115040 | T17: 115040
A18: 2022 | Q18: 2945 | R18: 8113 | S18: 10620 | T18: 10620
A19: 2023 | R19: 372 | S19: 40273 | T19: 40273
A20: 2024 | S20: 5905 | T20: 5906
A21: 2025 | T21: 1
A23: best estimate = rbns + ibnr (AY x observation year)
A24: AY \ year | B24: 2007 | C24: 2008 | D24: 2009 | E24: 2010 | F24: 2011 | G24: 2012 | H24: 2013 | I24: 2014 | J24: 2015 | K24: 2016 | L24: 2017 | M24: 2018 | N24: 2019 | O24: 2020 | P24: 2021 | Q24: 2022 | R24: 2023 | S24: 2024 | T24: 2025
A25: 2007 | B25: 1318 | C25: 1509 | D25: 1438 | E25: 1397 | F25: 1391 | G25: 1572 | H25: 1619 | I25: 1317 | J25: 1514 | K25: 0 | L25: 0 | M25: 0 | N25: 0 | O25: 0 | P25: 0 | Q25: 0 | R25: 0 | S25: 0 | T25: 0
A26: 2008 | C26: 9317 | D26: 738 | E26: 806 | F26: 784 | G26: 837 | H26: 689 | I26: 788 | J26: 769 | K26: 3 | L26: 3 | M26: 3 | N26: 3 | O26: 3 | P26: 3 | Q26: 3 | R26: 3 | S26: 3 | T26: 3
A27: 2009 | D27: 10405 | E27: 2973 | F27: 0 | G27: 0 | H27: 0 | I27: 0 | J27: 0 | K27: 0 | L27: 0 | M27: 0 | N27: 0 | O27: 0 | P27: 0 | Q27: 0 | R27: 0 | S27: 0 | T27: 0
A28: 2010 | E28: 8957 | F28: 8572 | G28: 8759 | H28: 8696 | I28: 7867 | J28: 7656 | K28: 7312 | L28: 6424 | M28: 0 | N28: 0 | O28: 0 | P28: 0 | Q28: 0 | R28: 0 | S28: 0 | T28: 0
A29: 2011 | F29: 19068 | G29: 16442 | H29: 5479 | I29: 4868 | J29: 5239 | K29: 0 | L29: 0 | M29: 0 | N29: 0 | O29: 0 | P29: 0 | Q29: 0 | R29: 0 | S29: 0 | T29: 0
A30: 2012 | G30: 36177 | H30: 39659 | I30: 5544 | J30: 4945 | K30: 0 | L30: 0 | M30: 0 | N30: 0 | O30: 0 | P30: 0 | Q30: 0 | R30: 0 | S30: 0 | T30: 0
A31: 2013 | H31: 7954 | I31: 7642 | J31: 7685 | K31: 0 | L31: 0 | M31: 0 | N31: 0 | O31: 0 | P31: 0 | Q31: 0 | R31: 0 | S31: 0 | T31: 0
A32: 2014 | I32: 21326 | J32: 14253 | K32: 0 | L32: 0 | M32: 0 | N32: 0 | O32: 0 | P32: 0 | Q32: 0 | R32: 0 | S32: 0 | T32: 0
A33: 2015 | J33: 28183 | K33: 25671 | L33: 19082 | M33: 0 | N33: 0 | O33: 0 | P33: 0 | Q33: 0 | R33: 0 | S33: 0 | T33: 0
A34: 2016 | K34: 931 | L34: 0 | M34: 0 | N34: 0 | O34: 0 | P34: 0 | Q34: 0 | R34: 0 | S34: 0 | T34: 0
A35: 2017 | L35: 7019 | M35: 7149 | N35: 2626 | O35: 1111 | P35: 0 | Q35: 0 | R35: 0 | S35: 0 | T35: 0
A36: 2018 | M36: 1935 | N36: 1907 | O36: 1548 | P36: 750 | Q36: 811 | R36: 747 | S36: 787 | T36: 804
A37: 2019 | N37: 24795 | O37: 15693 | P37: 1655 | Q37: 1494 | R37: 1692 | S37: 1443 | T37: 1539
A38: 2020 | O38: 157445 | P38: 39894 | Q38: 37106 | R38: 43801 | S38: 41424 | T38: 38849
A39: 2021 | P39: 136638 | Q39: 75935 | R39: 88605 | S39: 78856 | T39: 78107
A40: 2022 | Q40: 63268 | R40: 76294 | S40: 56028 | T40: 61627
A41: 2023 | R41: 156476 | S41: 132306 | T41: 127249
A42: 2024 | S42: 1786 | T42: 1855
A43: 2025 | T43: 18921

Sheet pattern input
A1: method / valuation | B1: 1 | C1: 2 | D1: 3 | E1: 4 | F1: 5 | G1: 6 | H1: 7 | I1: 8 | J1: 9 | K1: 10 | L1: 11 | M1: 12 | N1: 13 | O1: 14 | P1: 15 | Q1: 16 | R1: 17 | S1: 18 | T1: 19 | U1: 20 | V1: 21 | W1: 22 | X1: 23 | Y1: 24 | Z1: 25 | AA1: 26 | AB1: 27 | AC1: 28 | AD1: 29 | AE1: 30 | AF1: 31 | AG1: 32 | AH1: 33 | AI1: 34 | AJ1: 35 | AK1: 36 | AL1: 37 | AM1: 38 | AN1: 39 | AO1: 40
A2: M1_2023 | B2: 0.081890616 | C2: 0.42095673 | D2: 0.61058249 | E2: 0.70360003 | F2: 0.86468272 | G2: 0.88394309 | H2: 0.9002275 | I2: 0.91433369 | J2: 0.92677624 | K2: 0.93790648 | L2: 0.947975 | M2: 0.95716685 | N2: 0.96562252 | O2: 0.97345126 | P2: 0.98073963 | Q2: 0.98755745 | R2: 0.99396181 | S2: 1 | T2: 1 | U2: 1 | V2: 1 | W2: 1 | X2: 1 | Y2: 1 | Z2: 1 | AA2: 1 | AB2: 1 | AC2: 1 | AD2: 1 | AE2: 1 | AF2: 1 | AG2: 1 | AH2: 1 | AI2: 1 | AJ2: 1 | AK2: 1 | AL2: 1 | AM2: 1 | AN2: 1 | AO2: 1
A3: M1_2024 | B3: 0.093803567 | C3: 0.36900849 | D3: 0.48512488 | E3: 0.6362617 | F3: 0.71385313 | G3: 0.85349634 | H3: 0.87308863 | I3: 0.89006025 | J3: 0.90503028 | K3: 0.91842143 | L3: 0.9305352 | M3: 0.9415942 | N3: 0.9517675 | O3: 0.9611865 | P3: 0.96995538 | Q3: 0.97815812 | R3: 0.98586341 | S3: 0.99312815 | T3: 1 | U3: 1 | V3: 1 | W3: 1 | X3: 1 | Y3: 1 | Z3: 1 | AA3: 1 | AB3: 1 | AC3: 1 | AD3: 1 | AE3: 1 | AF3: 1 | AG3: 1 | AH3: 1 | AI3: 1 | AJ3: 1 | AK3: 1 | AL3: 1 | AM3: 1 | AN3: 1 | AO3: 1
A4: M2_2023 | B4: 0.1 | C4: 0.3688464 | D4: 0.55622004 | E4: 0.66306155 | F4: 0.77507109 | G4: 0.77507109 | H4: 0.80663176 | I4: 0.83397086 | J4: 0.85808566 | K4: 0.87965708 | L4: 0.8991708 | M4: 0.91698543 | N4: 0.93337331 | O4: 0.94854611 | P4: 0.96267165 | Q4: 0.97588521 | R4: 0.98829744 | S4: 1 | T4: 1 | U4: 1 | V4: 1 | W4: 1 | X4: 1 | Y4: 1 | Z4: 1 | AA4: 1 | AB4: 1 | AC4: 1 | AD4: 1 | AE4: 1 | AF4: 1 | AG4: 1 | AH4: 1 | AI4: 1 | AJ4: 1 | AK4: 1 | AL4: 1 | AM4: 1 | AN4: 1 | AO4: 1
A5: M2_2024 | B5: 0.1 | C5: 0.38497852 | D5: 0.50051044 | E5: 0.59671347 | F5: 0.69726286 | G5: 0.69726286 | H5: 0.69726286 | I5: 0.73774733 | J5: 0.77345716 | K5: 0.8054007 | L5: 0.83429714 | M5: 0.86067753 | N5: 0.88494513 | O5: 0.90741342 | P5: 0.9283309 | Q5: 0.94789789 | R5: 0.96627826 | S5: 0.98360773 | T5: 1 | U5: 1 | V5: 1 | W5: 1 | X5: 1 | Y5: 1 | Z5: 1 | AA5: 1 | AB5: 1 | AC5: 1 | AD5: 1 | AE5: 1 | AF5: 1 | AG5: 1 | AH5: 1 | AI5: 1 | AJ5: 1 | AK5: 1 | AL5: 1 | AM5: 1 | AN5: 1 | AO5: 1

Sheet python Patterns
A1: aggregate | B1: valuation | C1: method | D1: 1 | E1: 2 | F1: 3 | G1: 4 | H1: 5 | I1: 6 | J1: 7 | K1: 8 | L1: 9 | M1: 10 | N1: 11 | O1: 12 | P1: 13 | Q1: 14 | R1: 15 | S1: 16 | T1: 17 | U1: 18 | V1: 19
A2: Example A - method 1 data | B2: 2023 | C2: Method 1 - paid to ultimate | D2: 0.081890616 | E2: 0.42095673 | F2: 0.61058249 | G2: 0.70360003 | H2: 0.86468272 | I2: 0.88394309 | J2: 0.9002275 | K2: 0.91433369 | L2: 0.92677624 | M2: 0.93790648 | N2: 0.947975 | O2: 0.95716685 | P2: 0.96562252 | Q2: 0.97345126 | R2: 0.98073963 | S2: 0.98755745 | T2: 0.99396181 | U2: 1
A3: Example A - method 1 data | B3: 2023 | C3: Method 2 - paid to best estimate | D3: 0.1 | E3: 0.3688464 | F3: 0.55622004 | G3: 0.66306155 | H3: 0.77507109 | I3: 0.77507109 | J3: 0.80663176 | K3: 0.83397086 | L3: 0.85808566 | M3: 0.87965708 | N3: 0.8991708 | O3: 0.91698543 | P3: 0.93337331 | Q3: 0.94854611 | R3: 0.96267165 | S3: 0.97588521 | T3: 0.98829744 | U3: 1
A4: Example A - method 1 data | B4: 2024 | C4: Method 1 - paid to ultimate | D4: 0.093803567 | E4: 0.36900849 | F4: 0.48512488 | G4: 0.6362617 | H4: 0.71385313 | I4: 0.85349634 | J4: 0.87308863 | K4: 0.89006025 | L4: 0.90503028 | M4: 0.91842143 | N4: 0.9305352 | O4: 0.9415942 | P4: 0.9517675 | Q4: 0.9611865 | R4: 0.96995538 | S4: 0.97815812 | T4: 0.98586341 | U4: 0.99312815 | V4: 1
A5: Example A - method 1 data | B5: 2024 | C5: Method 2 - paid to best estimate | D5: 0.1 | E5: 0.38497852 | F5: 0.50051044 | G5: 0.59671347 | H5: 0.69726286 | I5: 0.69726286 | J5: 0.69726286 | K5: 0.73774733 | L5: 0.77345716 | M5: 0.8054007 | N5: 0.83429714 | O5: 0.86067753 | P5: 0.88494513 | Q5: 0.90741342 | R5: 0.9283309 | S5: 0.94789789 | T5: 0.96627826 | U5: 0.98360773 | V5: 1

Sheet python Backtest by tenor
A1: aggregate | B1: valuation | C1: row | D1: 1 | E1: 2 | F1: 3 | G1: 4 | H1: 5 | I1: 6 | J1: 7 | K1: 8 | L1: 9 | M1: 10 | N1: 11 | O1: 12 | P1: 13 | Q1: 14 | R1: 15 | S1: 16 | T1: 17 | U1: 18 | V1: 19
A2: Example A - method 1 data | B2: 2023 | C2: actual | E2: 0.25676451 | F2: 0.21095107 | G2: 0.43624068 | H2: 0.61851556 | I2: 0.73858203 | J2: 0.92597426 | K2: 0.91482326 | L2: 1 | M2: 1 | N2: 1 | O2: 1 | P2: 1 | Q2: 1 | R2: 1 | S2: 1 | T2: 0.99983573 | U2: 0.99972368 | V2: 1
A3: Example A - method 1 data | B3: 2023 | C3: accident periods | E3: 1 | F3: 2 | G3: 2 | H3: 2 | I3: 2 | J3: 2 | K3: 2 | L3: 2 | M3: 2 | N3: 2 | O3: 2 | P3: 2 | Q3: 2 | R3: 2 | S3: 2 | T3: 2 | U3: 2 | V3: 1
A4: Example A - method 1 data | B4: 2023 | C4: expected M1 | E4: 0.37080488 | F4: 0.5122228 | G4: 0.63029661 | H4: 0.85367748 | I4: 0.89310858 | J4: 0.94264491 | K4: 0.9371276 | L4: 1 | M4: 1 | N4: 1 | O4: 1 | P4: 1 | Q4: 1 | R4: 1 | S4: 1 | T4: 0.99992028 | U4: 1 | V4: 1
A5: Example A - method 1 data | B5: 2023 | C5: difference M1 | E5: 0.11404037 | F5: 0.30127174 | G5: 0.19405593 | H5: 0.23516192 | I5: 0.15452654 | J5: 0.016670649 | K5: 0.022304339 | L5: 0 | M5: 0 | N5: 0 | O5: 0 | P5: 0 | Q5: 0 | R5: 0 | S5: 0 | T5: 8.4550355e-05 | U5: 0.00027631943 | V5: 0
A6: Example A - method 1 data | B6: 2023 | C6: expected M2 | E6: 0.30038147 | F6: 0.45783176 | G6: 0.62505988 | H6: 0.786363 | I6: 0.82225388 | J6: 0.93636111 | K6: 0.9371276 | L6: 1 | M6: 1 | N6: 1 | O6: 1 | P6: 1 | Q6: 1 | R6: 1 | S6: 1 | T6: 0.99992028 | U6: 1 | V6: 1
A7: Example A - method 1 data | B7: 2023 | C7: difference M2 | E7: 0.04361696 | F7: 0.24688069 | G7: 0.1888192 | H7: 0.16784744 | I7: 0.083671841 | J7: 0.010386847 | K7: 0.022304339 | L7: 0 | M7: 0 | N7: 0 | O7: 0 | P7: 0 | Q7: 0 | R7: 0 | S7: 0 | T7: 8.4550355e-05 | U7: 0.00027631943 | V7: 0
A10: Example A - method 1 data | B10: 2024 | C10: actual | E10: 0.76791054 | F10: 0.23335979 | G10: 0.15934462 | H10: 0.59330775 | I10: 0.70633565 | J10: 0.95243746 | K10: 0.67208333 | L10: 1 | M10: 1 | N10: 1 | O10: 1 | P10: 1 | Q10: 1 | R10: 1 | S10: 1 | T10: 1 | U10: 0.99968338 | V10: 1
A11: Example A - method 1 data | B11: 2024 | C11: accident periods | E11: 1 | F11: 1 | G11: 1 | H11: 1 | I11: 1 | J11: 1 | K11: 1 | L11: 1 | M11: 1 | N11: 1 | O11: 1 | P11: 1 | Q11: 1 | R11: 1 | S11: 1 | T11: 1 | U11: 1 | V11: 1
A12: Example A - method 1 data | B12: 2024 | C12: expected M1 | E12: 0.8383038 | F12: 0.37443855 | G12: 0.40611121 | H12: 0.68006198 | I12: 0.84964748 | J12: 0.95879811 | K12: 0.71593502 | L12: 1 | M12: 1 | N12: 1 | O12: 1 | P12: 1 | Q12: 1 | R12: 1 | S12: 1 | T12: 1 | U12: 0.99984609 | V12: 1
A13: Example A - method 1 data | B13: 2024 | C13: difference M1 | E13: 0.070393256 | F13: 0.14107875 | G13: 0.24676659 | H13: 0.086754225 | I13: 0.14331183 | J13: 0.0063606565 | K13: 0.043851682 | L13: 0 | M13: 0 | N13: 0 | O13: 0 | P13: 0 | Q13: 0 | R13: 0 | S13: 0 | T13: 0 | U13: 0.00016271115 | V13: 0
A14: Example A - method 1 data | B14: 2024 | C14: expected M2 | E14: 0.84131115 | F14: 0.37737333 | G14: 0.32125709 | H14: 0.69470627 | I14: 0.70633565 | J14: 0.95243746 | K14: 0.71593502 | L14: 1 | M14: 1 | N14: 1 | O14: 1 | P14: 1 | Q14: 1 | R14: 1 | S14: 1 | T14: 1 | U14: 0.99984609 | V14: 1
A15: Example A - method 1 data | B15: 2024 | C15: difference M2 | E15: 0.073400604 | F15: 0.14401353 | G15: 0.16191247 | H15: 0.10139852 | I15: 0 | J15: 0 | K15: 0.043851682 | L15: 0 | M15: 0 | N15: 0 | O15: 0 | P15: 0 | Q15: 0 | R15: 0 | S15: 0 | T15: 0 | U15: 0.00016271115 | V15: 0

Sheet python Backtest by period
A1: aggregate | B1: valuation | C1: row | D1: V+1 | E1: V+2 | F1: total
A2: Example A - method 1 data | B2: 2023 | C2: period | D2: 2024 | E2: 2025
A3: Example A - method 1 data | B3: 2023 | C3: actual | D3: 42408 | E3: 0 | F3: 42408
A4: Example A - method 1 data | B4: 2023 | C4: expected M1 | D4: 128088.78 | E4: 84367.924 | F4: 212456.71
A5: Example A - method 1 data | B5: 2023 | C5: difference M1 | D5: 85680.784 | E5: 84367.924 | F5: 170048.71
A6: Example A - method 1 data | B6: 2023 | C6: expected M2 | D6: 105391.22 | E6: 68185.684 | F6: 173576.91
A7: Example A - method 1 data | B7: 2023 | C7: difference M2 | D7: 62983.221 | E7: 68185.684 | F7: 131168.91
A10: Example A - method 1 data | B10: 2024 | C10: period | D10: 2025
A11: Example A - method 1 data | B11: 2024 | C11: actual | D11: 1 | F11: 1
A12: Example A - method 1 data | B12: 2024 | C12: expected M1 | D12: 78672.607 | F12: 78672.607
A13: Example A - method 1 data | B13: 2024 | C13: difference M1 | D13: 78671.607 | F13: 78671.607
A14: Example A - method 1 data | B14: 2024 | C14: expected M2 | D14: 55977.931 | F14: 55977.931
A15: Example A - method 1 data | B15: 2024 | C15: difference M2 | D15: 55976.931 | F15: 55976.931
